strain	glycan	glycan_full	n_replicates	effect_vs_basal	ci_low	ci_high	p_raw	p_holm	significant
mitsuo_T	cello (+)	cellobiose	15	0.4141399999999996	0.3594996579780195	0.4687803420219797	4.228350617214058e-27	8.03386617270671e-26	True
mitsuo_T	fructose	fructose	5	0.3384699999999999	0.25207603353996627	0.4248639664600335	8.01824398891035e-12	1.4432839180038628e-10	True
mitsuo_T	fos	Fructooligosaccharides	5	0.1954699999999998	0.10907603353996623	0.2818639664600334	1.960062765193258e-05	0.0002548081594751235	True
mitsuo_T	gluman	Glucomannan (4C)	4	0.07982499999999985	-0.012822207495973764	0.17247220749597347	0.09045524059831947	0.7236419247865558	False
mitsuo_T	Bgluc_O	β-glucan_oat	5	0.045689999999999925	-0.04070396646003367	0.1320839664600335	0.29649477151610354	1.0	False
mitsuo_T	cellu	Cellulose (carboxymethylated)	5	0.03416999999999997	-0.052223966460033584	0.12056396646003353	0.4343752543381909	1.0	False
mitsuo_T	galman	Galactomannan	5	0.03377000000000007	-0.052623966460033485	0.12016396646003363	0.43975679073007723	1.0	False
mitsuo_T	gal	Galactan	5	-0.010330000000000126	-0.09672396646003378	0.07606396646003352	0.8129164554265172	1.0	False
mitsuo_T	ara	Arabinan	5	-0.022930000000000297	-0.10932396646003392	0.06346396646003333	0.5995562751623122	1.0	False
mitsuo_T	inu	Inulin*	5	-0.02673000000000013	-0.11312396646003373	0.05966396646003347	0.5406088474570956	1.0	False
mitsuo_T	aragal	Arabinogalactan	5	-0.0553300000000001	-0.1417239664600337	0.03106396646003351	0.20673543191012372	1.0	False
mitsuo_T	araxyl	Arabinoxylan	5	-0.09013000000000032	-0.17652396646003393	-0.00373603353996671	0.04105724302855851	0.37264238796492677	False
mitsuo_T	amypec	Amylopectin	5	-0.09192999999999994	-0.17832396646003357	-0.005536033539966331	0.037264238796492676	0.37264238796492677	False
mitsuo_T	man_P	Mannan_plant	5	-0.09918999999999999	-0.18558396646003356	-0.012796033539966431	0.024878697437335215	0.27366567181068735	False
mitsuo_T	xos_C	Xylooligosaccharides	5	-0.1786000000000002	-0.2649939664600338	-0.09220603353996662	8.496478619558846e-05	0.0010195774343470616	True
mitsuo_T	pec	Pectin	5	-0.19920000000000027	-0.2855939664600338	-0.11280603353996672	1.4025902402554425e-05	0.00019636263363576194	True
mitsuo_T	star	Starch	5	-0.21572000000000022	-0.3021139664600338	-0.12932603353996663	3.0552837806123348e-06	4.582925670918502e-05	True
mitsuo_T	xos_B	Xylan_beechwood	5	-0.2723600000000003	-0.35875396646003394	-0.1859660335399667	1.0630426058274791e-08	1.7008681693239666e-07	True
mitsuo_T	star_un	Starch_unmodified	5	-0.2807200000000002	-0.36711396646003375	-0.19432603353996664	4.4022526806981695e-09	7.483829557186888e-08	True
mitsuo_isolate	inu	Inulin*	5	0.383094736842105	0.2819134125643996	0.48427606111981036	3.0992927610780675e-11	5.888656246048329e-10	True
mitsuo_isolate	fos	Fructooligosaccharides	5	0.34309473684210534	0.24191341256439988	0.4442760611198108	1.266492648536403e-09	2.2796867673655255e-08	True
mitsuo_isolate	fructose	fructose	5	0.25709473684210526	0.15591341256439983	0.3582760611198107	2.1797740646534976e-06	3.487638503445596e-05	True
mitsuo_isolate	cello (+)	cellobiose	12	0.1982526315789473	0.13131294782050096	0.2651923153373936	6.097766877633421e-08	1.0366203691976817e-06	True
mitsuo_isolate	Bgluc_O	β-glucan_oat	5	0.02677894736842098	-0.07363057826924849	0.12718847300609046	0.5977207734540468	1.0	False
mitsuo_isolate	cellu	Cellulose (carboxymethylated)	5	0.004778947368421028	-0.09563057826924853	0.10518847300609058	0.9249211952203589	1.0	False
mitsuo_isolate	gluman	Glucomannan (4C)	5	-0.003221052631578852	-0.10363057826924836	0.09718847300609067	0.9493547221180518	1.0	False
mitsuo_isolate	pec	Pectin	5	-0.01787368421052632	-0.11781726986011569	0.08206990143906305	0.7233482894639887	1.0	False
mitsuo_isolate	xos_C	Xylooligosaccharides	5	-0.017873684210526333	-0.1178172698601157	0.08206990143906304	0.7233482894639884	1.0	False
mitsuo_isolate	star	Starch	5	-0.020905263157894805	-0.1220865874356002	0.0802760611198106	0.6826000847698188	1.0	False
mitsuo_isolate	araxyl	Arabinoxylan	5	-0.020905263157894875	-0.12208658743560026	0.08027606111981052	0.6826000847698178	1.0	False
mitsuo_isolate	ara	Arabinan	5	-0.02890526315789479	-0.1300865874356002	0.07227606111981061	0.5719552492105762	1.0	False
mitsuo_isolate	man_P	Mannan_plant	5	-0.02922105263157901	-0.1296305782692485	0.07118847300609049	0.5648030197778919	1.0	False
mitsuo_isolate	amypec	Amylopectin	5	-0.03890526315789482	-0.14008658743560018	0.062276061119810544	0.4471465317062744	1.0	False
mitsuo_isolate	gal	Galactan	5	-0.0389052631578949	-0.14008658743560032	0.0622760611198105	0.4471465317062736	1.0	False
mitsuo_isolate	aragal	Arabinogalactan	5	-0.044905263157894657	-0.14608658743560005	0.05627606111981072	0.3805015157996454	1.0	False
mitsuo_isolate	xos_B	Xylan_beechwood	5	-0.047873684210526485	-0.1478172698601159	0.05206990143906293	0.34404323435969875	1.0	False
mitsuo_isolate	galman	Galactomannan	5	-0.08522105263157898	-0.1856305782692485	0.015188473006090566	0.0952804274155309	1.0	False
mitsuo_isolate	star_un	Starch_unmodified	5	-0.11987368421052652	-0.21981726986011585	-0.019930098560937193	0.019254025754694343	0.2888103863204151	False
tride	fructose	fructose	4	0.6333264872212074	0.5597007524989756	0.7069522219434393	1.2935286339791399e-36	2.328351541162452e-35	True
tride	cello (+)	cellobiose	19	0.5051617638304626	0.46558496053853327	0.544738567122392	1.8697599944966313e-55	3.5525439895435994e-54	True
tride	fos	Fructooligosaccharides	16	0.2262531889931742	0.18082065844872286	0.27168571953762555	6.829661667228182e-18	1.161042483428791e-16	True
tride	cellu	Cellulose (carboxymethylated)	14	0.09682104241549765	0.04718190974414334	0.14646017508685194	0.00017242761711332817	0.0027588418738132506	True
tride	Bgluc_O	β-glucan_oat	8	0.03543713191523089	-0.02156142823029257	0.09243569206075435	0.22117394376280608	1.0	False
tride	amypec	Amylopectin	8	0.03402463191523082	-0.02297392823029256	0.09102319206075421	0.24004269400648137	1.0	False
tride	galman	Galactomannan	8	0.03346213191523126	-0.02353642823029218	0.09046069206075469	0.24786726136420714	1.0	False
tride	gluman	Glucomannan (4C)	14	0.025485328129783207	-0.024153804541571074	0.0751244608011375	0.31196893868322667	1.0	False
tride	star	Starch	8	0.023699631915231365	-0.03329892823029208	0.0806981920607548	0.41259271117252794	1.0	False
tride	aragal	Arabinogalactan	8	0.012087131915231105	-0.04491142823029233	0.06908569206075454	0.675781944884922	1.0	False
tride	star_un	Starch_unmodified	8	-0.02376286808476893	-0.08076142823029239	0.033235692060754524	0.4113497041964679	1.0	False
tride	man_P	Mannan_plant	10	-0.03556824648781645	-0.09199457190920908	0.020858078933576177	0.21486287052875688	1.0	False
tride	xos_C	Xylooligosaccharides	4	-0.06039501572545452	-0.1355506184827331	0.014760587031824056	0.11441786904207257	1.0	False
tride	pec	Pectin	4	-0.06512001572545432	-0.1402756184827329	0.010035587031824264	0.08894515900601302	0.9197741775925449	False
tride	gal	Galactan	4	-0.06624501572545437	-0.1414006184827329	0.008910587031824152	0.08361583432659499	0.9197741775925449	False
tride	araxyl	Arabinoxylan	4	-0.07329501572545416	-0.14845061848273267	0.0018605870318243456	0.05587034594200977	0.6704441513041173	False
tride	ara	Arabinan	4	-0.07537001572545422	-0.15052561848273271	-0.0002144129681757173	0.04935834297749076	0.6416584587073799	False
tride	inu	Inulin*	4	-0.0820950157254544	-0.15725061848273292	-0.006939412968175865	0.03249450432005656	0.4549230604807918	False
tride	xos_B	Xylan_beechwood	4	-0.0838450157254541	-0.15900061848273267	-0.008689412968175506	0.029025916543987437	0.43538874815981154	False
