pfam_accession	pfam_func_annot	meta-lor	meta-std	meta-pval	meta-qval	meta-ci	n-studies
PF11545	Cell surface heme-binding protein Shp	1.564834183901	0.533752303748	0.003370460276	0.041740886781	0,5186796685552952;2,6109886992457816	11
PF14107	Domain of unknown function (DUF4280)	1.362314849701	0.384581444172	0.000396607162	0.009040664246	0,6085352191247708;2,116094480277061	8
PF13031	Protein of unknown function (DUF3892)	1.293032179219	0.338864783386	0.000135755501	0.003633649267	0,628857203782748;1,9572071546555838	14
PF01874	ATP:dephospho-CoA triphosphoribosyl transferase	0.961020125999	0.278370616427	0.000555820135	0.011458180299	0,4154137178014973;1,5066265341970242	13
PF16141	Glycoside hydrolase family 18, BT1044-like	0.912390122865	0.226392903619	0.000055748852	0.001805508808	0,4686600317706546;1,3561202139585269	16
PF04223	Citrate lyase, alpha subunit (CitF)	0.798912754470	0.142894169222	0.000000022584	0.000001665720	0,5188401827950145;1,0789853261457165	44
PF04304	Protein of unknown function (DUF454)	0.779771110322	0.171454263743	0.000005416246	0.000246253701	0,44372075338498596;1,1158214672593831	70
PF00201	UDP-glucoronosyl and UDP-glucosyl transferase	0.718609572748	0.235786052601	0.002305856322	0.031888071385	0,2564689096502752;1,1807502358459587	10
PF16361	N-terminal of Subtilase family	0.717942548767	0.208676529672	0.000580733514	0.011752771541	0,3089365506095726;1,1269485469247944	20
PF11756	Nitrous oxide-stimulated promoter	0.693377225136	0.122901866847	0.000000016837	0.000001299545	0,4524895661156767;0,934264884155886	118
PF14133	Domain of unknown function (DUF4300)	0.677622623145	0.193159570781	0.000451323471	0.009602196145	0,29902986441337615;1,0562153818763997	27
PF06857	Malonate decarboxylase delta subunit (MdcD)	0.617357510548	0.165723013794	0.000195131767	0.004981864114	0,2925404035126219;0,9421746175831517	45
PF13204	Apiosidase-like, catalytic domain	0.583297088034	0.202826794567	0.004029559302	0.046512320797	0,18575657068168766;0,9808376053853798	15
PF02682	Carboxyltransferase domain, subdomain C and D	0.577713502781	0.163121660594	0.000397691166	0.009040664246	0,25799504801672857;0,8974319575454293	37
PF02037	SAP domain	0.564795203429	0.174960138828	0.001245995198	0.020172966163	0,2218733313261978;0,9077170755311259	5
PF03802	Apo-citrate lyase phosphoribosyl-dephospho-CoA transferase	0.559543045821	0.178453131489	0.001715507696	0.025716717825	0,2097749081031567;0,9093111835381119	36
PF09563	LlaJI restriction endonuclease	0.549218938658	0.189302421308	0.003716440820	0.044530206074	0,17818619289374715;0,9202516844217974	23
PF00224	Pyruvate kinase, barrel domain	0.535337997020	0.176899555709	0.002476273156	0.033409555301	0,18861486783008108;0,8820611262108605	24
PF07694	5TMR of 5TMR-LYT	0.535068263642	0.146286547269	0.000254516082	0.006121296201	0,2483466309949104;0,8217898962887639	9
PF00586	AIR synthase related protein, N-terminal domain	0.505342511041	0.168103853905	0.002645934024	0.035268494086	0,1758589573877456;0,8348260646944115	19
PF04960	Glutaminase	0.500522830766	0.158827414652	0.001625104059	0.024855854244	0,1892210980484061;0,8118245634844012	31
PF15283	Domain of unknown function (DUF4595) with porin-like fold	-0.503329244181	0.144390020514	0.000490483411	0.010301830190	-0,7863336843896954;-0,2203248039730742	10
PF14358	Domain of unknown function (DUF4405)	-0.506140194602	0.151535625165	0.000837560832	0.015358366852	-0,803150019925891;-0,2091303692784658	39
PF03599	CO dehydrogenase/acetyl-CoA synthase delta subunit	-0.509148811354	0.130353545480	0.000093872656	0.002709246467	-0,7646417604937092;-0,25365586221338954	12
PF02667	Short chain fatty acid transporter	-0.511483057488	0.172561223206	0.003036020033	0.038905600348	-0,8497030549722999;-0,17326306000437897	11
PF11372	Domain of unknown function (DUF3173)	-0.528202004223	0.160348358861	0.000987407048	0.017158136093	-0,8424847875898379;-0,2139192208561863	15
PF03609	PTS system sorbose-specific iic component	-0.529272324553	0.144361467853	0.000246086048	0.006005585253	-0,8122208015442831;-0,24632384756183673	56
PF14289	Domain of unknown function (DUF4369)	-0.562710091150	0.144702034272	0.000100761685	0.002858359249	-0,8463260783217006;-0,27909410397737394	20
PF00438	S-adenosylmethionine synthetase, N-terminal domain	-0.562877303337	0.167382995876	0.000771532939	0.014549533093	-0,8909479752541043;-0,23480663142003771	7
PF10518	TAT (twin-arginine translocation) pathway signal sequence	-0.576009358352	0.165599213590	0.000504541019	0.010466072769	-0,9005838169881042;-0,25143489971489624	21
PF16160	Domain of unknown function (DUF4866)	-0.604644766818	0.153733207267	0.000083864847	0.002485244878	-0,9059618530625456;-0,3033276805741122	48
PF04313	Type I restriction enzyme R protein N terminus (HSDR_N)	-0.615673720898	0.196851818785	0.001762399385	0.025997349155	-1,0015032857167627;-0,22984415607898728	12
PF17922	Tetracyclin repressor-like, C-terminal domain	-0.642837953049	0.222339821799	0.003837240415	0.045323135014	-1,0786240037743926;-0,20705190232339382	9
PF16464	Domain of unknown function (DUF5045)	-0.668850266329	0.209748867103	0.001428574293	0.022260272665	-1,0799580458512752;-0,2577424868063121	12
PF14751	Domain of unknown function (DUF4474)	-0.741334451268	0.240711373472	0.002071640170	0.029383648390	-1,2131287432733238;-0,2695401592626219	11
PF13061	Protein of unknown function (DUF3923)	-0.809215811638	0.246266562171	0.001016446153	0.017300434774	-1,291898273492328;-0,3265333497833452	5
PF00893	Small Multidrug Resistance protein	-0.838861544509	0.147437040616	0.000000012732	0.000001030657	-1,1278381441172003;-0,5498849449010519	53
PF06616	BsuBI/PstI restriction endonuclease domain	-0.889491080751	0.155074948833	0.000000009701	0.000000804925	-1,1934379804643798;-0,5855441810380545	5
PF00391	PEP-utilising enzyme, mobile domain	-0.946516439673	0.328679208631	0.003979810637	0.046185284980	-1,5907276885892694;-0,3023051907572243	6
PF14511	Type II restriction endonuclease EcoO109I	-1.286734475900	0.348974474066	0.000226745886	0.005574589585	-1,9707244450695378;-0,6027445067295458	6