food_category	parameter	Estimate	Std. Error	z value	Pr(>|z|)	ci_lower	ci_upper
sig_alcohol	(Intercept)	-1.0232475981198328	0.12543440144047557	-8.157631290690306	3.416586002912182e-16	-1.2690990249431648	-0.7773961712965007
sig_alcohol	non_westernizedyes	1.285047703671521	0.19986829584229834	6.429472459631414	1.280475555758043e-10	0.8933058438206163	1.676789563522426
sig_alcohol	age	0.07219916890980396	0.017617349938657975	4.098185547837499	4.164014352253518e-5	0.037669163030034335	0.10672917478957358
sig_alcohol	gendermale	0.013997392607641448	0.03143533741578519	0.445275723384241	0.6561205095842806	-0.047615868727297526	0.07561065394258043
sig_alcohol	genderunknown	-1.1153710439791054	0.5792910248728326	-1.9254070857112873	0.054178449836068523	-2.250781452729857	0.020039364771646362
sig_alcohol	sequencing_platformIlluminaNextSeq	0.04694885877335925	0.3732115365491991	0.12579691187324846	0.8998926863232993	-0.684545752863071	0.7784434704097893
sig_alcohol	sequencing_platformIlluminaNovaSeq	0.29059192584295124	0.34327424521025024	0.8465299389558576	0.3972571794229934	-0.3822255947691392	0.9634094464550417
sig_dairy	(Intercept)	1.7356177951070304	0.054957957349180964	31.58082794234157	6.769632947748664e-219	1.6279001987026358	1.843335391511425
sig_dairy	non_westernizedyes	-0.1297864035636074	0.08475148238196155	-1.5313762062435743	0.12567644116802434	-0.29589930903225203	0.03632650190503722
sig_dairy	age	0.02318289379266056	0.006322873030563231	3.66651262497287	2.4588078513321286e-4	0.010790062652756624	0.035575724932564494
sig_dairy	gendermale	-0.032205641769328774	0.01066763735367461	-3.019004180736901	0.0025360703177624362	-0.05311421098253101	-0.011297072556126539
sig_dairy	genderunknown	-0.2674018132044784	0.14161594490489565	-1.8882182609031504	0.05899665530386507	-0.5449690652180739	0.010165438809117078
sig_dairy	sequencing_platformIlluminaNextSeq	-0.23771996395195755	0.17991866647287427	-1.321263483173925	0.18641352539235287	-0.5903605502387912	0.11492062233487604
sig_dairy	sequencing_platformIlluminaNovaSeq	0.4326313682142442	0.15936012660413182	2.7148031156435284	0.006631518225151386	0.12028552007014581	0.7449772163583426
sig_fermented_beverages	(Intercept)	-2.642418854970756	0.18612519272379136	-14.196997280707128	9.562270516635278e-46	-3.007224232709387	-2.277613477232125
sig_fermented_beverages	non_westernizedyes	-0.4669051056761043	0.35253050105947387	-1.3244388904588282	0.18535732573801114	-1.1578648877526732	0.2240546764004644
sig_fermented_beverages	age	0.22107011751077343	0.04736712170455164	4.667163837601941	3.053858140575398e-6	0.12823055896985222	0.3139096760516946
sig_fermented_beverages	gendermale	0.035192659330279284	0.08014835449000726	0.43909397209978945	0.660593446662505	-0.12189811547013493	0.19228343413069351
sig_fermented_beverages	genderunknown	0.25302727949452863	0.6742741696293659	0.3752587462064761	0.7074680438024334	-1.0685500929790286	1.5746046519680856
sig_fermented_beverages	sequencing_platformIlluminaNextSeq	-1.342202898382142	0.7750893483032116	-1.731675066004233	0.08333143249764831	-2.861378021056437	0.17697222429215276
sig_fermented_beverages	sequencing_platformIlluminaNovaSeq	1.1023051739309002	0.5069873822916249	2.1742260506531537	0.029688162876517807	0.10860990463931552	2.096000443222485
sig_fermented_fruits_and_vegetables	(Intercept)	-0.07268078021623887	0.07280068814140145	-0.9983529286848267	0.3181082503703596	-0.2153701289733857	0.07000856854090796
sig_fermented_fruits_and_vegetables	non_westernizedyes	-0.5815857221998519	0.14032616667508058	-4.144527966380565	3.405143998763637e-5	-0.8566250088830099	-0.306546435516694
sig_fermented_fruits_and_vegetables	age	0.013425992797804265	0.015496520496032219	0.8663875739874575	0.38627765592648033	-0.016947187374418884	0.04379917297002742
sig_fermented_fruits_and_vegetables	gendermale	-0.0034500855129865186	0.026160661123313424	-0.1318806698624267	0.8950786782850134	-0.05472498131468083	0.04782481028870779
sig_fermented_fruits_and_vegetables	genderunknown	-0.11740247299838581	0.26604272248358585	-0.4412918041974602	0.6590017587074539	-0.638846209066214	0.40404126306944244
sig_fermented_fruits_and_vegetables	sequencing_platformIlluminaNextSeq	-0.1479090826196843	0.2477361964117949	-0.5970426799232244	0.5504788858524343	-0.6334720275868023	0.33765386234743366
sig_fermented_fruits_and_vegetables	sequencing_platformIlluminaNovaSeq	0.380388964375039	0.20869344511383403	1.8227163970940814	0.06834635554230205	-0.028650188048075675	0.7894281167981536
sig_fermented_grains	(Intercept)	1.5683804747314691	0.0550772481004749	28.476013759263072	2.3218954053102652e-178	1.4604290684545382	1.6763318810084
sig_fermented_grains	non_westernizedyes	0.012715343734220797	0.0870021460315481	0.14614977117472538	0.8838031564813823	-0.1578088624876135	0.18323954995605507
sig_fermented_grains	age	0.020713462205259416	0.006748641692927073	3.069278700478083	0.0021457631290530067	0.007486124487122353	0.03394079992339648
sig_fermented_grains	gendermale	-0.010399802199589789	0.011420748086773945	-0.9106060409154383	0.362502986434511	-0.03278446844966672	0.011984864050487144
sig_fermented_grains	genderunknown	-0.1963118481522654	0.15000954306163933	-1.3086623967089903	0.1906487346662308	-0.49033055255307845	0.09770685624854766
sig_fermented_grains	sequencing_platformIlluminaNextSeq	-0.1716902233601112	0.17825693140503002	-0.9631615556648502	0.33546645463574415	-0.52107380891397	0.17769336219374765
sig_fermented_grains	sequencing_platformIlluminaNovaSeq	0.4103870925349482	0.15845856933582356	2.589869984659579	0.009601218648049399	0.09980829663673402	0.7209658884331624
sig_fermented_meat	(Intercept)	-2.659389933151381	0.2177677245981145	-12.212048126320033	2.6805514942205e-34	-3.0862146733636857	-2.2325651929390764
sig_fermented_meat	non_westernizedyes	-0.8861292423550233	0.40801435616324977	-2.1718089791930657	0.029870074128047232	-1.6858373804349929	-0.08642110427505378
sig_fermented_meat	age	0.06445830990908846	0.03939986208407859	1.6360034401017851	0.10183886742276468	-0.012765419775705583	0.1416820395938825
sig_fermented_meat	gendermale	0.204487832396475	0.06600000137693968	3.0983004262167	0.001946340125315368	0.07512782969767323	0.33384783509527677
sig_fermented_meat	genderunknown	0.13704078223024563	0.8674584214471508	0.1579796550958895	0.8744728302665596	-1.5631777238061697	1.8372592882666612
sig_fermented_meat	sequencing_platformIlluminaNextSeq	-1.562079381418175	0.8769325555047166	-1.7812993389430316	0.07486356243939706	-3.2808671902074193	0.1567084273710695
sig_fermented_meat	sequencing_platformIlluminaNovaSeq	0.373486875748113	0.6268153010565953	0.5958483705144759	0.5512765266545698	-0.8550711143228139	1.6020448658190398
sig_fermented_tubers_and_roots	(Intercept)	-2.5493293639375687	0.14325403746459306	-17.79586397044946	7.608483432947403e-71	-2.830107277368171	-2.2685514505069664
sig_fermented_tubers_and_roots	non_westernizedyes	1.7597649021703223	0.22424390631944682	7.847548372901817	4.242487977440972e-15	1.3202468457842067	2.199282958556438
sig_fermented_tubers_and_roots	age	0.0985996598307298	0.03086085078901676	3.19497542387331	0.0013984274821655534	0.038112392284256946	0.15908692737720265
sig_fermented_tubers_and_roots	gendermale	0.020107687063236623	0.056444779669899164	0.3562364346327609	0.7216635084263221	-0.09052408108976574	0.13073945521623898
sig_fermented_tubers_and_roots	genderunknown	-1.0057927817223855	1.0776154747630513	-0.9333503511013904	0.350639105957053	-3.117919112257966	1.1063335488131951
sig_fermented_tubers_and_roots	sequencing_platformIlluminaNextSeq	0.017848104564267785	0.44319193330171874	0.040271727040025004	0.967876494040403	-0.8508080847071009	0.8865042938356364
sig_fermented_tubers_and_roots	sequencing_platformIlluminaNovaSeq	0.5232867594019948	0.3408685963452983	1.5351568463992726	0.1247453055283168	-0.14481568943478995	1.1913892082387796
sig_fruits_and_vegetables	(Intercept)	-13.034853232171187	4.2527903042888715	-3.0650119802581717	0.002176612780990927	-21.370322228577376	-4.699384235764999
sig_fruits_and_vegetables	non_westernizedyes	-92.24594720605427	2098009.9778175843	-4.396830719652315e-5	0.9999649183665346	-4112191.8024696712	4112007.3105752594
sig_fruits_and_vegetables	age	-2.1970481704705285	1.9974054585842167	-1.099951019472942	0.27135346349658274	-6.111962869295593	1.717866528354536
sig_fruits_and_vegetables	gendermale	-48.43504265289248	1333810.0695156131	-3.631329809234546e-5	0.9999710261801067	-2614316.1712932545	2614219.301207949
sig_fruits_and_vegetables	genderunknown	-114.8202655166948	11032629.280814437	-1.0407334697302426e-5	0.9999916961483261	-21624068.210661814	21623838.57013078
sig_fruits_and_vegetables	sequencing_platformIlluminaNextSeq	-23.038645011959332	2296600.7133534164	-1.0031628431534842e-5	0.9999919959185549	-4501360.436817708	4501314.359527684
sig_fruits_and_vegetables	sequencing_platformIlluminaNovaSeq	-105.34375090546268	1840700.0540762998	-5.723026447039808e-5	0.9999543368555933	-3607877.4497404527	3607666.762238642
sig_meat	(Intercept)	-4.658364472083898	0.32820949251839354	-14.193265515691426	1.0085093464134714e-45	-5.301655077419949	-4.015073866747847
sig_meat	non_westernizedyes	-3.0936820785497323	1.456272474251115	-2.1243840924347976	0.033638039080587094	-5.947976128081917	-0.23938802901754697
sig_meat	age	0.21398052832127526	0.1288656979587396	1.6604925260233943	0.09681541022302888	-0.03859623967785433	0.4665572963204049
sig_meat	gendermale	0.559863601276408	0.20260238939764413	2.7633612956931795	0.005720940176352698	0.16276291805702547	0.9569642844957905
sig_meat	genderunknown	-24.60306539813535	311078.22797647177	-7.908964107895133e-5	0.9999368955965294	-609737.9298992829	609688.7237684865
sig_meat	sequencing_platformIlluminaNextSeq	-1.0531788798250878	1.309600346852338	-0.8041986872990935	0.42128223681138993	-3.6199955596556705	1.5136378000054949
sig_meat	sequencing_platformIlluminaNovaSeq	-0.62393091830175	1.3540259547602165	-0.4607968673778055	0.6449443494495941	-3.277821789631774	2.0299599530282744
