	SGBs	group	country	population
SAMEA4719760	133	CMR_HG	CMR	Hunter-Gatherer
SAMEA4719761	70	CMR_HG	CMR	Hunter-Gatherer
SAMEA4719762	163	CMR_HG	CMR	Hunter-Gatherer
SAMEA4719763	122	CMR_HG	CMR	Hunter-Gatherer
SAMEA4719764	162	CMR_HG	CMR	Hunter-Gatherer
SAMEA4719765	93	CMR_HG	CMR	Hunter-Gatherer
SAMEA4719766	7	CMR_HG	CMR	Hunter-Gatherer
SAMEA4719767	115	CMR_HG	CMR	Hunter-Gatherer
SAMEA4719768	127	CMR_HG	CMR	Hunter-Gatherer
SAMEA4719769	145	CMR_HG	CMR	Hunter-Gatherer
SAMEA4719770	110	CMR_HG	CMR	Hunter-Gatherer
SAMEA4719771	51	CMR_HG	CMR	Hunter-Gatherer
SAMEA4719772	50	CMR_HG	CMR	Hunter-Gatherer
SAMEA4719773	71	CMR_HG	CMR	Hunter-Gatherer
SAMEA4719774	176	CMR_HG	CMR	Hunter-Gatherer
SAMEA4719775	106	CMR_HG	CMR	Hunter-Gatherer
CM.129_WGS	175	CMR_HG	CMR	Hunter-Gatherer
CM.16_WGS	179	CMR_HG	CMR	Hunter-Gatherer
CM.511_WGS	97	CMR_HG	CMR	Hunter-Gatherer
CM.79_WGS	147	CMR_HG	CMR	Hunter-Gatherer
CM.82_WGS	158	CMR_HG	CMR	Hunter-Gatherer
SAMEA4719776	133	CMR_R	CMR	Rural
SAMEA4719777	129	CMR_R	CMR	Rural
SAMEA4719778	140	CMR_R	CMR	Rural
SAMEA4719779	147	CMR_R	CMR	Rural
SAMEA4719780	149	CMR_R	CMR	Rural
SAMEA4719781	78	CMR_R	CMR	Rural
SAMEA4719782	163	CMR_R	CMR	Rural
SAMEA4719783	156	CMR_R	CMR	Rural
SAMEA4719784	142	CMR_R	CMR	Rural
SAMEA4719785	135	CMR_R	CMR	Rural
SAMEA4719786	74	CMR_R	CMR	Rural
SAMEA4719787	155	CMR_R	CMR	Rural
SAMEA4719788	147	CMR_R	CMR	Rural
SAMEA4719789	117	CMR_R	CMR	Rural
SAMEA4719790	159	CMR_R	CMR	Rural
SAMEA4719791	192	CMR_R	CMR	Rural
SAMEA4719792	94	CMR_R	CMR	Rural
SAMEA4719793	163	CMR_R	CMR	Rural
SAMEA4719794	197	CMR_R	CMR	Rural
SAMEA4719795	71	CMR_R	CMR	Rural
SAMEA4719796	150	CMR_R	CMR	Rural
SAMEA4719797	76	CMR_R	CMR	Rural
SAMEA4719798	143	CMR_R	CMR	Rural
SAMEA4719799	80	CMR_R	CMR	Rural
SAMEA4719800	173	CMR_R	CMR	Rural
SAMEA4719801	56	CMR_R	CMR	Rural
SAMEA4719802	53	CMR_R	CMR	Rural
SAMEA4719803	107	CMR_R	CMR	Rural
SAMEA4719804	167	CMR_R	CMR	Rural
SAMEA4719805	78	CMR_R	CMR	Rural
SAMEA4719806	99	CMR_R	CMR	Rural
SAMEA4719807	130	CMR_R	CMR	Rural
SAMEA4719808	120	CMR_R	CMR	Rural
SAMEA4719809	57	CMR_R	CMR	Rural
SAMEA4719810	97	CMR_R	CMR	Rural
SAMEA4719811	39	CMR_R	CMR	Rural
SAMEA4719812	69	CMR_R	CMR	Rural
SAMEA4719813	129	CMR_R	CMR	Rural
SAMEA4719814	151	CMR_R	CMR	Rural
SAMEA4719815	59	CMR_R	CMR	Rural
SAMEA4719816	34	CMR_R	CMR	Rural
CM.146_WGS	67	CMR_R	CMR	Rural
CM.147_WGS	78	CMR_R	CMR	Rural
CM.152_WGS	163	CMR_R	CMR	Rural
CM.162_WGS	119	CMR_R	CMR	Rural
CM.164_WGS	71	CMR_R	CMR	Rural
CM.177_WGS	78	CMR_R	CMR	Rural
CM.178_WGS	136	CMR_R	CMR	Rural
CM.199_WGS	136	CMR_R	CMR	Rural
CM.206_WGS	153	CMR_R	CMR	Rural
CM.208_WGS	55	CMR_R	CMR	Rural
CM.228_WGS	127	CMR_R	CMR	Rural
CM.24_WGS	93	CMR_R	CMR	Rural
CM.275_WGS	127	CMR_R	CMR	Rural
CM.278_WGS	165	CMR_R	CMR	Rural
CM.283_WGS	72	CMR_R	CMR	Rural
CM.284_WGS	80	CMR_R	CMR	Rural
CM.289_WGS	134	CMR_R	CMR	Rural
CM.29_WGS	137	CMR_R	CMR	Rural
CM.291_WGS	196	CMR_R	CMR	Rural
CM.294_WGS	90	CMR_R	CMR	Rural
CM.308_WGS	94	CMR_R	CMR	Rural
CM.310_WGS	75	CMR_R	CMR	Rural
CM.316_WGS	24	CMR_R	CMR	Rural
CM.317_WGS	84	CMR_R	CMR	Rural
CM.328_WGS	53	CMR_R	CMR	Rural
CM.335_WGS	88	CMR_R	CMR	Rural
CM.340_WGS	104	CMR_R	CMR	Rural
CM.342_WGS	49	CMR_R	CMR	Rural
CM.343_WGS	106	CMR_R	CMR	Rural
CM.345_WGS	67	CMR_R	CMR	Rural
CM.347_WGS	108	CMR_R	CMR	Rural
CM.358_WGS	97	CMR_R	CMR	Rural
CM.361_WGS	113	CMR_R	CMR	Rural
CM.364_WGS	95	CMR_R	CMR	Rural
CM.366_WGS	101	CMR_R	CMR	Rural
CM.367_WGS	43	CMR_R	CMR	Rural
CM.369_WGS	115	CMR_R	CMR	Rural
CM.370_WGS	121	CMR_R	CMR	Rural
CM.373_WGS	70	CMR_R	CMR	Rural
CM.375_WGS	99	CMR_R	CMR	Rural
CM.376_WGS	148	CMR_R	CMR	Rural
CM.378_WGS	70	CMR_R	CMR	Rural
CM.382_WGS	69	CMR_R	CMR	Rural
CM.389_WGS	54	CMR_R	CMR	Rural
CM.397_WGS	160	CMR_R	CMR	Rural
CM.402_WGS	103	CMR_R	CMR	Rural
CM.403_WGS	65	CMR_R	CMR	Rural
CM.408_WGS	104	CMR_R	CMR	Rural
CM.409_WGS	132	CMR_R	CMR	Rural
CM.412_WGS	66	CMR_R	CMR	Rural
CM.413_WGS	56	CMR_R	CMR	Rural
CM.418_WGS	68	CMR_R	CMR	Rural
CM.425_WGS	174	CMR_R	CMR	Rural
CM.432_WGS	135	CMR_R	CMR	Rural
CM.437_WGS	68	CMR_R	CMR	Rural
CM.438_WGS	84	CMR_R	CMR	Rural
CM.439_WGS	135	CMR_R	CMR	Rural
CM.443_WGS	69	CMR_R	CMR	Rural
CM.445_WGS	59	CMR_R	CMR	Rural
CM.454_WGS	144	CMR_R	CMR	Rural
CM.466_WGS	85	CMR_R	CMR	Rural
CM.47_WGS	143	CMR_R	CMR	Rural
CM.486_WGS	130	CMR_R	CMR	Rural
CM.490_WGS	105	CMR_R	CMR	Rural
CM.512_WGS	122	CMR_R	CMR	Rural
CM.514_WGS	132	CMR_R	CMR	Rural
CM.520_WGS	95	CMR_R	CMR	Rural
CM.525_WGS	93	CMR_R	CMR	Rural
CM.528_WGS	92	CMR_R	CMR	Rural
CM.530_WGS	104	CMR_R	CMR	Rural
CM.532_WGS	110	CMR_R	CMR	Rural
CM.536_WGS	37	CMR_R	CMR	Rural
CM.553_WGS	92	CMR_R	CMR	Rural
CM.555_WGS	97	CMR_R	CMR	Rural
CM.574_WGS	136	CMR_R	CMR	Rural
CM.580_WGS	123	CMR_R	CMR	Rural
CM.67_WGS	106	CMR_R	CMR	Rural
SM01	131	PER_HG	PER	Hunter-Gatherer
SM02	176	PER_HG	PER	Hunter-Gatherer
SM18	160	PER_HG	PER	Hunter-Gatherer
SM20	119	PER_HG	PER	Hunter-Gatherer
SM28	121	PER_HG	PER	Hunter-Gatherer
SM29	193	PER_HG	PER	Hunter-Gatherer
SM31	175	PER_HG	PER	Hunter-Gatherer
SM32	149	PER_HG	PER	Hunter-Gatherer
SM39	182	PER_HG	PER	Hunter-Gatherer
SM40	194	PER_HG	PER	Hunter-Gatherer
HCO11	166	PER_R	PER	Rural
HCO12	183	PER_R	PER	Rural
HCO53	182	PER_R	PER	Rural
HCO61	196	PER_R	PER	Rural
HCO67	225	PER_R	PER	Rural
HCO70	207	PER_R	PER	Rural
HCO74	203	PER_R	PER	Rural
COL_1MH	67	PER_R	PER	Rural
COL_10MH	85	PER_R	PER	Rural
COL_11MH	166	PER_R	PER	Rural
COL_13MH	199	PER_R	PER	Rural
COL_15MH	93	PER_R	PER	Rural
COL_16MH	226	PER_R	PER	Rural
COL_2MH	197	PER_R	PER	Rural
COL_4MH	237	PER_R	PER	Rural
COL_5MH	190	PER_R	PER	Rural
COL_6MH	94	PER_R	PER	Rural
TZ_81781	168	TZA_HG	TZA	Hunter-Gatherer
TZ_42864	238	TZA_HG	TZA	Hunter-Gatherer
TZ_76219	218	TZA_HG	TZA	Hunter-Gatherer
TZ_70090	223	TZA_HG	TZA	Hunter-Gatherer
TZ_24827	221	TZA_HG	TZA	Hunter-Gatherer
TZ_12739	205	TZA_HG	TZA	Hunter-Gatherer
TZ_39371	226	TZA_HG	TZA	Hunter-Gatherer
TZ_83627	260	TZA_HG	TZA	Hunter-Gatherer
TZ_60579	248	TZA_HG	TZA	Hunter-Gatherer
TZ_86771	174	TZA_HG	TZA	Hunter-Gatherer
TZ_90808	191	TZA_HG	TZA	Hunter-Gatherer
TZ_16581	238	TZA_HG	TZA	Hunter-Gatherer
TZ_27689	268	TZA_HG	TZA	Hunter-Gatherer
TZ_83985	209	TZA_HG	TZA	Hunter-Gatherer
TZ_25806	257	TZA_HG	TZA	Hunter-Gatherer
TZ_43638	254	TZA_HG	TZA	Hunter-Gatherer
H1	171	TZA_HG	TZA	Hunter-Gatherer
H10	236	TZA_HG	TZA	Hunter-Gatherer
H11	237	TZA_HG	TZA	Hunter-Gatherer
H13	173	TZA_HG	TZA	Hunter-Gatherer
H14	191	TZA_HG	TZA	Hunter-Gatherer
H16	178	TZA_HG	TZA	Hunter-Gatherer
H17	212	TZA_HG	TZA	Hunter-Gatherer
H18	138	TZA_HG	TZA	Hunter-Gatherer
H2	209	TZA_HG	TZA	Hunter-Gatherer
H21	213	TZA_HG	TZA	Hunter-Gatherer
H22	221	TZA_HG	TZA	Hunter-Gatherer
H23	94	TZA_HG	TZA	Hunter-Gatherer
H24	175	TZA_HG	TZA	Hunter-Gatherer
H25	215	TZA_HG	TZA	Hunter-Gatherer
H26	205	TZA_HG	TZA	Hunter-Gatherer
H27	184	TZA_HG	TZA	Hunter-Gatherer
H3	180	TZA_HG	TZA	Hunter-Gatherer
H4	185	TZA_HG	TZA	Hunter-Gatherer
H5	185	TZA_HG	TZA	Hunter-Gatherer
H6	99	TZA_HG	TZA	Hunter-Gatherer
H7	94	TZA_HG	TZA	Hunter-Gatherer
H8	147	TZA_HG	TZA	Hunter-Gatherer
H9	187	TZA_HG	TZA	Hunter-Gatherer
C16-20002-TZ	108	TZA_T	TZA	Rural
C16-20003-TZ	160	TZA_T	TZA	Rural
C16-20005-TZ	187	TZA_T	TZA	Rural
C16-20030-TZ	43	TZA_T	TZA	Rural
C16-20031-TZ	186	TZA_T	TZA	Rural
C16-20040-TZ	138	TZA_T	TZA	Rural
C16-20054-TZ	79	TZA_T	TZA	Rural
C16-20055-TZ	181	TZA_T	TZA	Rural
C16-20058-TZ	97	TZA_T	TZA	Rural
C16-20065-TZ	77	TZA_T	TZA	Rural
C16-20067-TZ	154	TZA_T	TZA	Rural
C16-20070-TZ	50	TZA_T	TZA	Rural
C16-20071-TZ	161	TZA_T	TZA	Rural
C16-20080-TZ	165	TZA_T	TZA	Rural
C16-20081-TZ	203	TZA_T	TZA	Rural
C16-20082-TZ	88	TZA_T	TZA	Rural
C16-20095-TZ	99	TZA_T	TZA	Rural
C16-20096-TZ	130	TZA_T	TZA	Rural
C16-20117-TZ	96	TZA_T	TZA	Rural
C16-20118-TZ	35	TZA_T	TZA	Rural
C16-20145-TZ	68	TZA_T	TZA	Rural
C16-20152-TZ	139	TZA_T	TZA	Rural
C16-20153-TZ	113	TZA_T	TZA	Rural
C16-20162-TZ	184	TZA_T	TZA	Rural
C16-20176-TZ	99	TZA_T	TZA	Rural
C16-20197-TZ	127	TZA_T	TZA	Rural
C16-20198-TZ	161	TZA_T	TZA	Rural
C16-20205-TZ	116	TZA_T	TZA	Rural
C16-20211-TZ	201	TZA_T	TZA	Rural
C16-20212-TZ	142	TZA_T	TZA	Rural
C16-20215-TZ	170	TZA_T	TZA	Rural
C16-20237-TZ	181	TZA_T	TZA	Rural
C16-20238-TZ	166	TZA_T	TZA	Rural
C16-20241-TZ	45	TZA_T	TZA	Rural
C16-20246-TZ	95	TZA_T	TZA	Rural
C16-20248-TZ	115	TZA_T	TZA	Rural
C16-20251-TZ	178	TZA_T	TZA	Rural
C16-20252-TZ	226	TZA_T	TZA	Rural
C16-20267-TZ	145	TZA_T	TZA	Rural
C16-20268-TZ	54	TZA_T	TZA	Rural
C16-20269-TZ	122	TZA_T	TZA	Rural
C16-20270-TZ	154	TZA_T	TZA	Rural
C16-20284-TZ	137	TZA_T	TZA	Rural
C16-20312-TZ	146	TZA_T	TZA	Rural
C16-20313-TZ	80	TZA_T	TZA	Rural
C16-20314-TZ	131	TZA_T	TZA	Rural
C16-20315-TZ	148	TZA_T	TZA	Rural
C16-20333-TZ	154	TZA_T	TZA	Rural
C16-20340-TZ	69	TZA_T	TZA	Rural
C16-20345-TZ	100	TZA_T	TZA	Rural
C16-20346-TZ	82	TZA_T	TZA	Rural
C16-20368-TZ	59	TZA_T	TZA	Rural
C16-20370-TZ	119	TZA_T	TZA	Rural
C16-20371-TZ	160	TZA_T	TZA	Rural
C16-20386-TZ	218	TZA_T	TZA	Rural
C16-20387-TZ	130	TZA_T	TZA	Rural
C16-20400-TZ	184	TZA_T	TZA	Rural
C16-20415-TZ	8	TZA_T	TZA	Rural
C16-20416-TZ	125	TZA_T	TZA	Rural
C16-20424-TZ	127	TZA_T	TZA	Rural
C16-20425-TZ	96	TZA_T	TZA	Rural
C16-20429-TZ	113	TZA_T	TZA	Rural
C16-20431-TZ	116	TZA_T	TZA	Rural
C16-20432-TZ	171	TZA_T	TZA	Rural
C16-20436-TZ	145	TZA_T	TZA	Rural
C16-20437-TZ	136	TZA_T	TZA	Rural
C16-20438-TZ	215	TZA_T	TZA	Rural
C16-20452-TZ	80	TZA_T	TZA	Rural
C16-20459-TZ	157	TZA_T	TZA	Rural
C16-20470-TZ	68	TZA_T	TZA	Rural
C16-20471-TZ	114	TZA_T	TZA	Rural
C16-20473-TZ	116	TZA_T	TZA	Rural
C16-20491-TZ	40	TZA_T	TZA	Rural
C16-20500-TZ	127	TZA_T	TZA	Rural
C16-20501-TZ	175	TZA_T	TZA	Rural
C16-20502-TZ	55	TZA_T	TZA	Rural
C16-20516-TZ	40	TZA_T	TZA	Rural
C16-20554-TZ	166	TZA_T	TZA	Rural
C16-20558-TZ	109	TZA_T	TZA	Rural
C16-20565-TZ	87	TZA_T	TZA	Rural
C16-20566-TZ	154	TZA_T	TZA	Rural
C16-20567-TZ	207	TZA_T	TZA	Rural
C16-20602-TZ	140	TZA_T	TZA	Rural
C16-20603-TZ	101	TZA_T	TZA	Rural
C16-20604-TZ	61	TZA_T	TZA	Rural
C16-20608-TZ	102	TZA_T	TZA	Rural
C16-20609-TZ	168	TZA_T	TZA	Rural
C16-20615-TZ	174	TZA_T	TZA	Rural
C16-20616-TZ	186	TZA_T	TZA	Rural
C16-20617-TZ	109	TZA_T	TZA	Rural
C16-20625-TZ	115	TZA_T	TZA	Rural
C16-20626-TZ	122	TZA_T	TZA	Rural
C16-20627-TZ	156	TZA_T	TZA	Rural
C16-20645-TZ	216	TZA_T	TZA	Rural
C16-20646-TZ	154	TZA_T	TZA	Rural
C16-20647-TZ	209	TZA_T	TZA	Rural
C16-20664-TZ	202	TZA_T	TZA	Rural
