main_sgb;merged_sgbs
SGB46088;46087
SGB49305;16988
SGB7867;7868
SGB15155;15156
SGB71296;4051
SGB4472;4473
SGB6035;6036
SGB67344;50503
SGB21226;3542
SGB1320;1319
SGB67322;67323,50495
SGB8767;8768
SGB4327;47446
SGB73963;9342
SGB15482;15481
SGB19860;19863,19850
SGB77623;5409
SGB57323;15467
SGB5825;47054
SGB4574;4573
SGB5880;5881
SGB5910;5911
SGB9272;9271
SGB47389;4425
SGB17175;17174,33732
SGB48618;7088
SGB35629;35630
SGB6069;6070
SGB8252;8255,8251
SGB47097;5809
SGB17132;17133
SGB9751;30983,9750,9749
SGB8027;8028
SGB713;714
SGB20963;19367
SGB2517;2516,2510,2524
SGB48030;4758
SGB9652;9648
SGB6791;6792
SGB7038;7039
SGB66320;7086
SGB47652;4871
SGB5577;5576
SGB14980;53762
SGB5090;47996
SGB6684;6686
SGB3545;3546
SGB36711;6976
SGB14798;14797
SGB17055;86809
SGB4552;71702
SGB13352;13351
SGB47954;4788
SGB47484;4198
SGB4923;4924
SGB8245;8239
SGB72473;72475
SGB60576;10556
SGB5234;5235
SGB9298;9297,9295
SGB47464;4285,47466
SGB605;606
SGB7847;21028
SGB8007;8003
SGB3926;71339,3925
SGB53730;15053
SGB11013;85913
SGB1882;1883
SGB6174;6173
SGB10186;81764
SGB10168;31217
SGB47106;6962
SGB51005;68474
SGB4793;4794
SGB5794;5797
SGB14389;72492
SGB47584;5075
SGB48470;1891
SGB6836;71090,71091
SGB14985;14984
SGB17102;17103
SGB59729;4813,4815
SGB47838;4811
SGB51734;4037
SGB47762;4582
SGB69140;14370
SGB14373;72500
SGB9259;9258
SGB7774;7775
SGB7784;7785
SGB1165;89210,89212,1166
SGB5618;5619
SGB1459;1458
SGB53386;5906
SGB7856;7857
SGB47775;4828
SGB4826;47783
SGB47760;4577
SGB4631;4630
SGB5973;5972
SGB72426;14815,14816,72433,74475
SGB2502;2498
SGB4588;4587
SGB13906;13907
SGB47571;4933
SGB59709;4540,47871
SGB19554;19555
SGB19061;19060
SGB75383;39492,45895
SGB72411;14773
SGB5857;5856
SGB1836;27789
SGB50973;50974,68016,68052
SGB5960;28739
SGB15042;72934,15043
SGB7892;7890,7891
SGB8345;29915,29917
SGB6778;6783,47223,6774,47231
SGB1672;1671
SGB10351;10352
SGB48490;1855
SGB7980;7979,7981
SGB6041;6039
SGB8563;8562,8561
SGB59307;6028,47248,6029
SGB50897;50899,64958,50895,28829,50898,50894,50900,50893
SGB46931;60641,38805
SGB48300;1477
SGB9891;9892
SGB52769;36602
SGB1636;1635
SGB1615;1617
SGB7813;7812
SGB67384;67392,67379,67382,50843
SGB19337;19342
SGB14321;72653,14323,14322
SGB53552;15267,15265
SGB11826;32461
SGB6796;47197,47198
SGB47182;6806
SGB8558;8557
SGB13452;13453,13454,80601
SGB10209;10208
SGB6665;29496
SGB8356;8357
SGB8060;8059,8057,8061
SGB1830;48518
SGB48452;1903
SGB9738;9737
SGB1690;1689,1687,1688
SGB13584;13582,13583
SGB26864;47743,4566,4562,4563
SGB14823;27143,74484,72444,69167,14824,72437,14826
SGB4494;4493
SGB46354;46356,74750
SGB7469;7466,29725,7468
SGB12682;88326,12683
SGB28441;19090,19091
SGB9465;9464
SGB60276;9449,9450
SGB9467;9466
SGB47805;4837,47831
SGB4831;47804
SGB15095;15094
SGB13591;13590,13589,13588
SGB42762;36718,42761,42763
SGB13427;80644,13428,80645
SGB15295;63313,53655
SGB15287;15288,69197
SGB11213;11215,11214
SGB13928;30739,13929
SGB9830;9831
SGB11614;90119
SGB2563;78826,78825,21875,2562,2561
SGB15859;23568,15858
SGB19111;77566,77567,19114,19118,19113,19115,19112,19110,19117
SGB10223;10222
SGB17546;17545,86258,17547
SGB10084;10083,10086,23226
SGB177;27544,178,179
SGB17564;33403,33399,33405,33404
SGB12271;12272
SGB16830;16831,16829,23922,87845
SGB58133;9675,9710,9686,9712,9665,9717,9666,9704
SGB9914;9911,9917,9918,9921,30895,9908,9913,9915,9910
SGB11741;24451,11742,31766,89343
SGB11731;31770,38297,11728,31771,11729
SGB15648;15649
SGB33822;33821,33820
SGB7328;51815,25379,82564,7325,7327,7329
SGB223;222,23436,225,33482,224,227
SGB16635;16634,88047,88045,16636,16637,88046
SGB1177;1176
SGB1178;89227,89228
SGB7700;7695,7697,7703
SGB12831;32832,22528,57111
SGB9996;9995,31074,31075,9997,31071
SGB13246;33780,33777,33779,33778
SGB7426;7429,7427
SGB14439;14454,14399,14546,14488,14425
SGB15831;15832,15830,15829
SGB11837;11842,38639,11843,22920
SGB17164;17157,17153,17158,17159,17156,17161,17162
SGB19041;51510,51513,51517,51511,51514,51519,51515,51516,51512,51509
SGB13142;88694,13141,13152,22611,13140
SGB6828;6833,6829,6826,6834
SGB24748;13478,80638,80633,13476,80637
SGB9965;9969,9966,9968,9967,31064
SGB19537;85899,19540,30506,85900,30501,19541,19539,19538,19550,30502
SGB19545;30509,19546
SGB19548;30507,19547
SGB10269;10274,10273,10277,10268,10271,23288,10272,31240,10270,10278,10276,10267,10275
SGB14992;53502,53503,14993
SGB12456;12459,12451,12453
SGB12423;12432,12424,12428,12425,12426,32928
SGB12502;88911
SGB12940;88491,12941,22553,12939,22551
SGB12917;12916
SGB12852;88585,12860,12847,12845,12856,12846,88586,12855,12859,12850,12848,12858,12853,12854
SGB5475;5472,5474,30530,5471,5470,5473,5476
SGB275;33515,54739,276,86019,272,273,33518,33514,277,270,33516,274
SGB5758;5769,5780,5763,53403,72259,53404,5765
SGB11155;11158,11156,89605,11154,11160,11161,11159,11153
SGB11151;11150
SGB19048;51332,51253,19051,51339,28428,19044,51340,51330,28423,28426,51295,51327,51351,51296,51364,51353,51306,51352,51304,51317,19047,51337,51333,51359,51254,51312,51259,51241,51252,51235,51357,51361,51355,28416,51238,19043,51373,19053,28418,51363,51338,19052,51316,51308,51291
SGB19054;51174,51164,51207,51175,51173
SGB47594;5082,47605
SGB10141;10128,10130,23264,81746,10138,10131,10135,81748,10127,31167,10133,10139
SGB10097;38368
SGB53643;53651,15316,15315
SGB53604;53618,15332,15324,15329,15331
SGB53579;15318
SGB9946;31041,81691,31042,9947,9945,31040
SGB9952;31048,31050,9951,9958,31034,31057,31055,9957,23130,9956,31047
SGB9954;9953
SGB32223;11056,11063,11051,11047,89529,11054,32217,89531,89528,11049,11055,11050,89532,56428,89534,11053,11048,11057,11046,89530,11052,89533,89525
