	z-score	p-value	q-value
Prevotella_copri_clade_A___SGB1626	38.31487331602928	0.0	0.0
Ruminococcus_sp_NSJ_71___SGB4290	25.258019824369974	9.246258016967905e-141	2.3916031718307166e-140
Coprococcus_eutactus___SGB5117	11.123939606480352	9.593985917879857e-29	1.3173634984633383e-28
GGB3226_SGB4260___SGB4260	19.524408819964034	6.810053376975946e-85	1.382730918935684e-84
Ruminococcaceae_unclassified_SGB15234___SGB15234	18.57031527623297	5.587392366533993e-77	1.0923788591602592e-76
Phocaeicola_vulgatus___SGB1814	-36.44496306482472	8.266817267819694e-291	3.551538233943139e-290
Alistipes_putredinis___SGB2318	-39.52199573149195	0.0	0.0
Dialister_invisus___SGB5825_group	-19.847236165321515	1.1643145628530968e-87	2.3981046860410493e-87
Faecalibacterium_prausnitzii___SGB15332_group	14.457816142471541	2.237861917859714e-47	3.561366899487398e-47
Bacilli_unclassified_SGB6571___SGB6571	-7.543447299618913	4.577078526071574e-14	5.396531925321137e-14
Bacteroides_stercoris___SGB1830_group	-30.667766824922747	1.531892943337239e-206	4.9465317299373427e-206
GGB9602_SGB15031___SGB15031	20.58527133965463	3.719493073807306e-94	7.921728865704496e-94
Clostridium_sp_AF34_10BH___SGB4914	-12.887542771841519	5.290267613990443e-38	7.856910803567409e-38
GGB9758_SGB15368___SGB15368	15.815134468074062	2.4468670826898183e-56	4.116494033231107e-56
Phocaeicola_plebeius___SGB1903_group	-17.518105633450645	1.0423888948748436e-68	1.9539911681080867e-68
Oscillibacter_sp_ER4___SGB15254	18.639089000294604	1.5485554379128193e-77	3.0334716112538787e-77
Odoribacter_splanchnicus___SGB1790	-30.859598056291592	4.1645233720272627e-209	1.3623163056860426e-208
Clostridium_sp_AF15_49___SGB5111	16.10761730240769	2.2554880925075246e-58	3.8462411935264604e-58
GGB3256_SGB4303___SGB4303	20.6337767160215	1.3655702127136842e-94	2.9208029549709355e-94
Bacteroides_uniformis___SGB1836_group	-53.898077161092516	0.0	0.0
Clostridia_bacterium___SGB4394	17.566223068739486	4.469563764916213e-69	8.394058778013376e-69
Ruminococcus_callidus___SGB4422	16.60027386600805	6.937368330301591e-62	1.2225890314492768e-61
GGB9635_SGB15106___SGB15106	24.30969243459577	1.5482688079663058e-130	3.84569994236792e-130
GGB9677_SGB15180___SGB15180	16.091385494831304	2.932018201037891e-58	4.9914119374811715e-58
Candidatus_Cibiobacter_qucibialis___SGB15286	7.512617531344412	5.795666816979589e-14	6.82524998093714e-14
GGB3614_SGB4886___SGB4886	31.415947322324353	1.2255495520289082e-216	4.158559666376058e-216
Faecalibacterium_SGB15346___SGB15346	13.544380414619715	8.553253234867402e-42	1.3071460287179037e-41
Ruminococcaceae_bacterium___SGB15356	21.90697536894756	2.229027842820362e-106	5.08258968260406e-106
Alistipes_shahii___SGB2295	-27.240179542961307	2.17244186431494e-163	6.07434163737222e-163
GGB9634_SGB15093___SGB15093	10.604323487806223	2.845155670539971e-26	3.7922780641950875e-26
GGB9615_SGB15053___SGB15053_group	18.393353395135897	1.4850410290798617e-75	2.880864476955313e-75
Clostridia_unclassified_SGB4373___SGB4373	40.91015618799855	0.0	0.0
Parabacteroides_distasonis___SGB1934	-38.426184161558396	0.0	0.0
Alistipes_onderdonkii___SGB2303	-38.269005612488485	0.0	0.0
GGB9342_SGB14306___SGB14306	17.038631863396663	4.245472880813983e-65	7.684843315903792e-65
Roseburia_hominis___SGB4936	-8.317583284023073	8.97750096281034e-17	1.0853234859629408e-16
GGB4769_SGB6602___SGB6602	2.9835055636847327	0.0028496685477634757	0.003024939783999193
Roseburia_inulinivorans___SGB4940	-3.2403808998323105	0.0011937012710543555	0.0012752347623536926
Phascolarctobacterium_faecium___SGB5792	-24.06778516110862	5.437753855162937e-128	1.3341155904456126e-127
GGB9176_SGB14114___SGB14114	-10.433254116645859	1.7479738429902442e-25	2.302265548464782e-25
Akkermansia_muciniphila___SGB9226	-14.669986031449499	1.0036571846827695e-48	1.6126177237037755e-48
Bacteroides_thetaiotaomicron___SGB1861	-38.65569054800987	0.0	0.0
Parabacteroides_merdae___SGB1949	-29.978430922801365	1.8752160597773905e-197	5.921423583082549e-197
GGB9632_SGB15089___SGB15089	-3.6453871827165627	0.0002669895239437108	0.0002883026035249779
Clostridia_bacterium___SGB14311	22.037561554533042	1.2572880206258251e-107	2.886571808822135e-107
Bacteroides_caccae___SGB1877	-32.43781867258038	8.045008967267468e-231	2.8760907057981197e-230
Alistipes_finegoldii___SGB2301	-29.5249940862025	1.3756721847524517e-191	4.2370703290375516e-191
Firmicutes_bacterium_AF16_15___SGB4993	6.677383337542109	2.4324610185780738e-11	2.805176819811811e-11
GGB9512_SGB14909___SGB14909	-13.185594534318335	1.0621333141080527e-39	1.5987901464994896e-39
Roseburia_intestinalis___SGB4951	-20.02212528955348	3.53323659067473e-89	7.3529518238366e-89
Ruminococcaceae_bacterium___SGB15196	45.80615738625665	0.0	0.0
GGB9774_SGB15394___SGB15394	41.733660137135544	0.0	0.0
Coprococcus_comes___SGB4577_group	10.504771579099613	8.212136554681122e-26	1.0902319219145627e-25
Duodenibacillus_massiliensis___SGB9273	32.75671470148579	2.4363200159210867e-235	8.900570569113167e-235
Bacteroides_finegoldii___SGB1862	-16.185592418840063	6.3733500880739525e-59	1.0961724120553311e-58
Ruminococcaceae_bacterium___SGB15249	22.29988837334601	3.704230568976776e-110	8.603096982704763e-110
Intestinibacter_SGB6139___SGB6139	8.815455410889514	1.1919953411604803e-18	1.4658321087243744e-18
Faecalibacterium_prausnitzii___SGB15342	4.407665005702154	1.0449099099312118e-05	1.146880284913534e-05
Ruminococcaceae_unclassified_SGB4191___SGB4191	-5.71315878353629	1.1089811330098637e-08	1.2472922630818804e-08
Lachnospiraceae_bacterium___SGB4909	30.687013630676432	8.48263763431638e-207	2.7479353630908404e-206
Clostridiales_bacterium_KLE1615___SGB5090_group	16.178165124775656	7.190555061003789e-59	1.2346047368893298e-58
Clostridium_sp_AM49_4BH___SGB4652	-16.148657814133387	1.1605963008146674e-58	1.9893097553347297e-58
Streptococcus_salivarius___SGB8007_group	-17.392359686437718	9.42718244697772e-68	1.7507624544387196e-67
GGB9634_SGB15097___SGB15097	27.689181974359848	9.424835536057905e-169	2.7032264675054332e-168
Lachnospiraceae_bacterium___SGB4964	-17.31314150888245	3.744173109036162e-67	6.940587559528145e-67
Clostridiaceae_bacterium___SGB4269	-46.37252681773845	0.0	0.0
Clostridia_bacterium___SGB14861	15.472979265243902	5.280551959906177e-54	8.708126049202773e-54
Clostridium_fessum___SGB4705	4.534510093180654	5.77373411789471e-06	6.344135951715263e-06
Ruminococcaceae_unclassified_SGB15260___SGB15260	25.04840188667235	1.8172700321418743e-138	4.652397192260911e-138
Ruminococcaceae_unclassified_SGB15236___SGB15236	24.835909689661797	3.671759472551023e-136	9.352242320670672e-136
Faecalibacterium_prausnitzii___SGB15318_group	11.599711344474043	4.134704884543157e-31	5.796694102839915e-31
Alistipes_inops___SGB2286	-14.221574540721988	6.7320987701237904e-46	1.0562430828987327e-45
Clostridia_bacterium___SGB14253	15.600493684275872	7.223337491311568e-55	1.2010898386715748e-54
Clostridia_bacterium___SGB14250	22.77405179471132	8.291543253819037e-115	1.9575082068568056e-114
Eubacteriaceae_bacterium___SGB5043	-14.266949941874202	3.516242556794121e-46	5.525524017819333e-46
GGB9712_SGB15244___SGB15244	32.05187723432347	2.0670255651901784e-225	7.234589478165625e-225
Clostridia_bacterium___SGB15374	31.849276144577765	1.3470348387462688e-222	4.665681223477561e-222
Faecalibacterium_prausnitzii___SGB15317	13.38287877857876	7.61402175926023e-41	1.1565456420363414e-40
Bacteroidales_bacterium___SGB2021	54.52357563944113	0.0	0.0
GGB3746_SGB5089___SGB5089	-15.699746610214943	1.5184736239214723e-55	2.541792805259856e-55
Eubacterium_ventriosum___SGB5045	-25.956614472773776	1.5310897312689964e-148	4.0869888560007075e-148
GGB9597_SGB15022___SGB15022	51.102446049233215	0.0	0.0
GGB9705_SGB15224___SGB15224	27.662660259944346	1.965470931009563e-168	5.605231914360606e-168
Bacteroides_fragilis___SGB1855_group	-16.507521769776215	3.2391437296178914e-61	5.6586088540096144e-61
Lacrimispora_celerecrescens___SGB4868	10.000567413483264	1.515263293871561e-23	1.9520959551678668e-23
Collinsella_aerofaciens___SGB14546_group	14.459661731648414	2.1786590322173701e-47	3.472671482881509e-47
Ruminococcus_torques___SGB4563_group	14.31681554917237	1.7181769542260263e-46	2.7170539197160384e-46
Lachnospiraceae_bacterium___SGB4706	8.377725122470476	5.396048642485993e-17	6.531372056987278e-17
GGB9615_SGB15051___SGB15051	27.224556931500157	3.32631361202324e-163	9.274763024053659e-163
Faecalibacillus_intestinalis___SGB6754	-17.658061820863487	8.821723757520761e-70	1.6598769701650905e-69
Clostridiaceae_bacterium___SGB4721	-17.97119969307903	3.2755407462795256e-72	6.233491039973014e-72
Alistipes_sp_AF17_16___SGB2326	-18.45359307352272	4.8790603634256536e-76	9.520349753974814e-76
Haemophilus_parainfluenzae___SGB9712_group	9.401889319699814	5.359197064264075e-21	6.756368087315288e-21
Dorea_formicigenerans___SGB4575	7.798143883397385	6.282435530989542e-15	7.442269782864535e-15
Bilophila_wadsworthia___SGB15452	-20.987715021600668	8.493168147738748e-98	1.844178159628305e-97
Ruminococcus_torques___SGB4608	-40.01342539115171	0.0	0.0
GGB9730_SGB15291___SGB15291	20.225427376317143	5.848150279209829e-91	1.2246858639098408e-90
Ruminococcus_gnavus___SGB4584	-25.300646180768737	3.142353669217482e-141	8.148953427167617e-141
Clostridia_bacterium___SGB3988	10.335927242503917	4.847015221156032e-25	6.3589282259203e-25
Ruminococcaceae_bacterium___SGB14177	-16.6525429852823	2.9001236528186566e-62	5.156347737959991e-62
Lachnospiraceae_bacterium___SGB4953	23.36173206924906	1.0473193641275441e-120	2.5020684570206964e-120
Gemmiger_formicilis___SGB15300	5.7908528130097245	7.002992702420567e-09	7.903039115133018e-09
Bifidobacterium_adolescentis___SGB17244	-16.505591943761605	3.344375122042125e-61	5.8322639323417547e-61
Clostridia_bacterium___SGB15385	28.634030702270156	2.5341452711895325e-180	7.572177362569319e-180
Alistipes_senegalensis___SGB2296	4.969649290393878	6.707411040642968e-07	7.451851777673264e-07
Clostridium_sp_AF27_2AA___SGB4712	2.9623477704153105	0.0030530273565342802	0.0032373732880199304
Lachnospiraceae_bacterium___SGB4767	2.8001401370849845	0.0051080425994349575	0.005410741420142215
Coprobacter_secundus___SGB1962	-13.093450994887409	3.5892215022533874e-39	5.362404065306927e-39
GGB9699_SGB15216___SGB15216	-4.27982709448418	1.870385645591362e-05	2.046181454903774e-05
Clostridium_sp_AM33_3___SGB4711	7.387600012904073	1.495026740319676e-13	1.7503178562105213e-13
Butyricimonas_faecalis___SGB1782	18.972624046584784	2.872056523923789e-80	5.7042233739041915e-80
Anaerostipes_hadrus___SGB4540_group	-22.051830835728307	9.173652430529971e-108	2.1109945018300002e-107
Dorea_longicatena___SGB4582_group	15.456221755380582	6.850033563756822e-54	1.1277769074540425e-53
Clostridia_unclassified_SGB4121___SGB4121	-31.903464733113992	2.3903951823323717e-223	8.33723197740315e-223
Clostridia_unclassified_SGB6293___SGB6293	19.61704022553749	1.1060857878915994e-85	2.2549732661496762e-85
Barnesiella_intestinihominis___SGB1965	-31.31252256319193	3.151673492537049e-215	1.0551254735884904e-214
Clostridia_unclassified_SGB4367___SGB4367	11.43083024232415	2.9329104864043233e-30	4.088918380070651e-30
GGB9707_SGB15229___SGB15229	17.071756180613047	2.4084478624919647e-65	4.391359399552745e-65
Ruminococcaceae_bacterium___SGB14834	27.495739165350873	1.9741709310128107e-166	5.566605920968517e-166
Agathobaculum_butyriciproducens___SGB14993_group	-4.251293004559618	2.1253989195034554e-05	2.3226248017717892e-05
Bacteroides_xylanisolvens___SGB1867	-33.45128606724631	2.4652784063691185e-245	9.173768344890288e-245
Enterobacter_hormaechei___SGB10130_group	30.529233482033344	1.0669075877649398e-204	3.412059090583721e-204
Clostridiaceae_bacterium_OM08_6BH___SGB4768	6.187486006257623	6.113127172971725e-10	6.969521981941568e-10
Bacteroides_ovatus___SGB1871	-45.80252713227195	0.0	0.0
GGB3570_SGB4777___SGB4777	4.704050153288986	2.5505055068849837e-06	2.8117356964668155e-06
Clostridia_bacterium___SGB15406	48.20707889373808	0.0	0.0
Methanobrevibacter_smithii___SGB714_group	30.33970942103319	3.434504708560993e-202	1.0914092740538266e-201
Anaerobutyricum_hallii___SGB4537	10.778130741031969	4.366690910727925e-27	5.882984659002225e-27
Fusicatenibacter_saccharivorans___SGB4874	-5.114205777565879	3.1506375096556146e-07	3.504209052405856e-07
Phocaeicola_dorei___SGB1815	-32.58060852313272	7.720292926782166e-233	2.7898964692090066e-232
Ruminococcaceae_bacterium___SGB14899	-9.452333969694271	3.3135825429134356e-21	4.193294722447976e-21
Lachnospira_sp_NSJ_43___SGB5087	-7.134632443082445	9.704613230352433e-13	1.1308868269595792e-12
Lachnospiraceae_bacterium___SGB4963	14.621149075082224	2.0589572339359055e-48	3.3029105627721815e-48
Lachnospiraceae_bacterium___SGB4750	-2.618966953007715	0.008819649114978154	0.009293125014834877
Adlercreutzia_equolifaciens___SGB14797_group	-38.597833518233436	0.0	0.0
GGB9590_SGB15012___SGB15012	27.6172047991416	6.915449913316032e-168	1.9665810690992466e-167
Lachnospiraceae_bacterium___SGB4669	26.2327287572303	1.1253261748396362e-151	3.0527140948901783e-151
Bacteroides_salyersiae___SGB1857	-13.907464926334349	5.706647256592027e-44	8.788236775151723e-44
Faecalicatena_fissicatena___SGB4871_group	-4.069647824043984	4.708425723962851e-05	5.1174095002028374e-05
Clostridia_bacterium___SGB14182	-8.233878971285112	1.8124680856837436e-16	2.183249763862127e-16
Alistipes_communis___SGB2290	-29.785030048280547	6.105343211847962e-195	1.8920893359318294e-194
Lachnospiraceae_unclassified_SGB4882___SGB4882	21.306186238269756	9.947573965626591e-101	2.2127825643538263e-100
Clostridium_phoceensis___SGB15154	-39.36861588629677	0.0	0.0
Lentisphaeria_bacterium___SGB9203	2.7645779804278736	0.005699648206805711	0.0060310231025502295
Blautia_faecis___SGB4820	-4.7178118868816945	2.3839476552031138e-06	2.633920091455096e-06
Butyricicoccus_sp_AM29_23AC___SGB14991	13.92038375165125	4.763396642265653e-44	7.358271664981356e-44
Dysosmobacter_sp_NSJ_60___SGB15124	-32.72444971309874	7.013570107141344e-235	2.552939518999449e-234
Veillonella_atypica___SGB6936	-2.6390376997722713	0.008314173447336903	0.008769744595136186
Streptococcus_gallolyticus___SGB8018	14.711071013890953	5.473422666669133e-49	8.808514613080067e-49
GGB9595_SGB15019___SGB15019	46.575933086547316	0.0	0.0
Coprococcus_catus___SGB4670	15.50870401681884	3.029315864759857e-54	5.0121407944208547e-54
Lachnospiraceae_bacterium_WCA3_601_WT_6H___SGB4910	8.838002871519892	9.744477301180443e-19	1.1997812765660054e-18
Clostridia_bacterium___SGB14252	13.501227898870704	1.5379136785952776e-41	2.343153108483825e-41
Lachnospiraceae_bacterium___SGB4781	18.7811719939741	1.0767692218455944e-78	2.1217440769044095e-78
Eubacterium_sp_AF15_50___SGB5042	-8.752480360423904	2.0871385275002585e-18	2.554065606390903e-18
Veillonella_dispar___SGB6952	-3.1730536384820027	0.0015084465319542628	0.0016063350834959757
GGB9237_SGB14179___SGB14179	-16.40361857220228	1.8017864913863197e-60	3.1366752658742716e-60
Clostridiaceae_unclassified_SGB4769___SGB4769	8.841197576584928	9.469802754762624e-19	1.167398098216427e-18
Lachnospiraceae_unclassified_SGB4894___SGB4894	27.685656573419934	1.0392501494323043e-168	2.9722554273763904e-168
Parasutterella_excrementihominis___SGB9262	-22.800999000115468	4.481679891991158e-115	1.0605582912253306e-114
GGB33432_SGB47280___SGB47280	8.714105956109774	2.9306218762547745e-18	3.581871182089169e-18
Clostridia_bacterium___SGB14205	33.59696292567004	1.8579022919107726e-247	6.991579677453697e-247
Clostridia_bacterium___SGB14263	25.681998817906752	1.8574688585790936e-145	4.9058742148751255e-145
Lachnospiraceae_bacterium___SGB4957	-2.6770469854756995	0.007427421832593674	0.007842667989901126
Dorea_sp_AF24_7LB___SGB4571	11.000716440857989	3.7910782962309288e-28	5.177175135780573e-28
Blautia_SGB4831___SGB4831_group	21.699335962896683	2.0814680447811993e-104	4.682133736687597e-104
Clostridia_bacterium___SGB15373	16.01366021438239	1.0259282500545408e-57	1.7376551240348483e-57
GGB9522_SGB14921___SGB14921	10.948506368409458	6.755231212019139e-28	9.199981555416543e-28
GGB3571_SGB4778___SGB4778	16.853083897948743	9.958357700870546e-64	1.7896438166196438e-63
GGB3118_SGB4130___SGB4130	40.193513062562	0.0	0.0
Clostridiales_unclassified_SGB15145___SGB15145	17.048145320856328	3.6080131489726544e-65	6.56658393113023e-65
Clostridia_bacterium___SGB13982	-16.256477887776843	2.009633139978478e-59	3.468349608824925e-59
Streptococcus_parasanguinis___SGB8071	-14.558760092917767	5.138128846675038e-48	8.229227160834741e-48
Lachnospiraceae_bacterium_OM04_12BH___SGB4893	28.269685750046794	8.154593235451917e-176	2.3937676916971753e-175
GGB9705_SGB15225___SGB15225	16.397565769673903	1.9905571594755836e-60	3.4592842302691997e-60
Evtepia_gabavorous___SGB15120	-26.88948553979214	2.915112774838468e-159	7.994596952365225e-159
Clostridia_bacterium___SGB15383	29.85725153667845	7.068199901233464e-196	2.197288230166055e-195
Lachnospiraceae_bacterium___SGB4780	-8.073630938455587	6.823792545233798e-16	8.180378847639559e-16
Blautia_sp_OF03_15BH___SGB4779	17.405827672368726	7.452112028041692e-68	1.3865360855148204e-67
GGB34228_SGB72916___SGB72916	32.75999327406393	2.188000628188437e-235	8.02266897002427e-235
Clostridia_bacterium___SGB15409	32.89652927216836	2.463954344354176e-237	9.067714333450478e-237
GGB33516_SGB54347___SGB54347	-7.434028792543828	1.05339025532989e-13	1.2361590217880655e-13
Clostridiaceae_bacterium___SGB4770	-9.293075165881856	1.4989369989178873e-20	1.8802455337303324e-20
Clostridium_sp_AF34_13___SGB4659	-5.539210376119486	3.0383847604844605e-08	3.4096672031894e-08
Dorea_sp_AF36_15AT___SGB4552_group	4.24114349626432	2.2238389715126617e-05	2.4275494116512264e-05
Gordonibacter_pamelaeae___SGB14807	-25.79863049736046	9.186465576618555e-147	2.432712180474914e-146
GGB9694_SGB15203___SGB15203	-12.67891554750226	7.739523978916156e-37	1.1376304703223308e-36
Senegalimassilia_anaerobia___SGB14824_group	33.48442845765815	8.122975527023069e-246	3.0339919785634673e-245
Clostridia_bacterium___SGB14937	-20.60633448536262	2.407904977664497e-94	5.139259877701837e-94
Firmicutes_bacterium___SGB49188	-10.114879474003173	4.7460080533352936e-24	6.137925143912957e-24
GGB9640_SGB15115___SGB15115	28.00176158031007	1.5464780373173127e-172	4.500071265565785e-172
Blautia_SGB4815___SGB4815_group	6.276561886408942	3.461416477602371e-10	3.9553400617351295e-10
Eggerthellaceae_unclassified_SGB14322___SGB14322_group	24.542153125150094	5.2453418304190445e-133	1.3159366346489884e-132
GGB9603_SGB15035___SGB15035	56.56972056117372	0.0	0.0
Blautia_glucerasea___SGB4816	8.702386476776345	3.249766641861863e-18	3.9670931811021035e-18
Ruthenibacterium_lactatiformans___SGB15271	-52.95235729452437	0.0	0.0
Christensenellaceae_bacterium___SGB14128	8.630975931491868	6.083068479515881e-18	7.41674975395298e-18
Olsenella_sp_GAM18___SGB14370_group	40.348839988344274	0.0	0.0
Holdemania_filiformis___SGB4046	-20.468593219726124	4.102939462795074e-93	8.701361021732772e-93
Erysipelatoclostridium_ramosum___SGB6744	-17.954448557280646	4.4295922063365747e-72	8.413703602548218e-72
Ruminococcaceae_unclassified_SGB15265___SGB15265_group	-10.452271987649906	1.4305643304732425e-25	1.8891753229600472e-25
Lachnospiraceae_bacterium_OF09_6___SGB4966	40.29625940208442	0.0	0.0
Clostridium_sp_AM22_11AC___SGB4749	-20.788054559375237	5.551632675749051e-96	1.1925288215503864e-95
GGB51441_SGB71759___SGB71759	-6.613697457375905	3.748374339547758e-11	4.3177476569474176e-11
Phocea_massiliensis___SGB14837	-19.340879127327856	2.432919672229127e-83	4.880466116034782e-83
Clostridium_leptum___SGB14853	-34.40096511710617	2.4390762770256994e-259	9.390443666548944e-259
Dysosmobacter_welbionis___SGB15078	-53.228679322126204	0.0	0.0
Ruminococcaceae_bacterium_D5___SGB14960	-13.383365036578597	7.564361386505529e-41	1.1507485939045646e-40
Ruminococcaceae_unclassified_SGB15233___SGB15233	15.21685135720633	2.7337503016776286e-52	4.464084913506209e-52
Butyricimonas_virosa___SGB1784	-5.966684290647139	2.4212324107394102e-09	2.7416896415725675e-09
GGB9614_SGB15049___SGB15049	-2.732933649814487	0.006277297636122795	0.006635242802279744
Clostridia_bacterium___SGB3957	14.835357812712532	8.654124767564271e-50	1.3972224019890056e-49
Clostridia_bacterium___SGB3573	9.782043777469717	1.3446736654738633e-22	1.7190527958356796e-22
Clostridiales_bacterium_UBA1390___SGB4436	-13.087960420569232	3.8582954285269815e-39	5.755817770425497e-39
GGB9557_SGB14966___SGB14966	-21.20134280078313	9.281031370163563e-100	2.0553788498968422e-99
GGB4456_SGB6141___SGB6141	9.231537929567327	2.667736158866774e-20	3.3255341158476226e-20
Bacteroides_bouchesdurhonensis___SGB3321	9.222501760206352	2.9024775569289403e-20	3.6136567593107825e-20
GGB4584_SGB6338___SGB6338	11.543898348344568	7.925035227848845e-31	1.1064100785323145e-30
GGB9593_SGB15015___SGB15015	49.04829361988877	0.0	0.0
Clostridia_bacterium___SGB15370	38.09660123401444	0.0	0.0
Clostridia_bacterium___SGB13983	-10.50204688280146	8.452706075809714e-26	1.1206832823689436e-25
Roseburia_sp_AF02_12___SGB4938	4.117464783062147	3.8306304228637605e-05	4.167892449224592e-05
Firmicutes_bacterium___SGB4063	-14.006085796555162	1.4307616332854719e-44	2.2273598676808047e-44
Blautia_SGB4805___SGB4805	4.812670237909368	1.4892691643415589e-06	1.6472468878518236e-06
Massilioclostridium_coli___SGB29305	-16.066098844287012	4.409799681395817e-58	7.494413380436694e-58
Gemmiger_SGB15295___SGB15295_group	32.18711540184433	2.6732545386166836e-227	9.45557524083145e-227
Eubacteriaceae_bacterium___SGB3958	23.119360314941577	2.9573876843081955e-118	7.048440647601199e-118
GGB9537_SGB14940___SGB14940	-8.978490358388791	2.745071815968301e-19	3.4007634749805315e-19
Candidatus_Avimonas_narfia___SGB14941	-14.43841830525745	2.96570018746964e-47	4.704700297396371e-47
Clostridia_bacterium___SGB14199	28.25839878958059	1.1223332045209523e-175	3.284957712647583e-175
Mediterraneibacter_sp_gm002___SGB4553	29.32035079740542	5.707973656003203e-189	1.7473032506603077e-188
Eubacterium_sp_AF34_35BH___SGB5051	-16.20680543278051	4.51432241908952e-59	7.777688023250619e-59
Lachnospiraceae_bacterium_NSJ_46___SGB47656	28.942416628897078	3.4960267894989603e-184	1.0572576484255164e-183
Clostridiales_bacterium___SGB15143	-26.120113249860207	2.1546934863398115e-150	5.782434798461532e-150
Intestinimonas_gabonensis___SGB79840	-19.648183544204578	5.991906796434986e-86	1.2240609598431471e-85
GGB49418_SGB69331___SGB69331	50.442303922887504	0.0	0.0
Candidatus_Borkfalkia_ceftriaxoniphila___SGB14027	-12.228663651180698	2.185037292419211e-34	3.1561649779388608e-34
GGB9350_SGB14317___SGB14317	-8.406697614219844	4.2171649534943935e-17	5.1106321046584595e-17
Oscillibacter_sp_NSJ_62___SGB79833	-7.06855954347449	1.5655017700250884e-12	1.820054903362501e-12
Blautia_obeum___SGB4809	14.069872106031584	5.81745148987382e-45	9.084662935044766e-45
GGB9621_SGB15073___SGB15073	-15.409950628401656	1.4031900704853434e-53	2.3063928744759093e-53
Clostridium_celatum___SGB6180	3.4837850898512066	0.0004943762871263813	0.0005304079993713909
Lachnospiraceae_bacterium___SGB4782	21.880101611159702	4.0194681846211956e-106	9.14429012001322e-106
Negativibacillus_massiliensis___SGB14912	-11.629659679044249	2.9125642009184777e-31	4.094770737527242e-31
Clostridia_bacterium___SGB3991	-10.152432546749218	3.2320513991120438e-24	4.190781671646575e-24
Lawsonibacter_sp_NSJ_51___SGB15131	-16.743475980733116	6.318811115573167e-63	1.1274741402297218e-62
GGB9619_SGB15067___SGB15067	-18.840238366206574	3.533707259976894e-79	6.990594796910812e-79
GGB2982_SGB3964___SGB3964	-19.108364691192435	2.1510458436499532e-81	4.289236831660564e-81
Flavonifractor_plautii___SGB15132	-44.598707933853696	0.0	0.0
Clostridiaceae_bacterium___SGB4629	-6.287718008374489	3.221664183069051e-10	3.6855838254309947e-10
Alistipes_ihumii___SGB2328	-24.823980164641487	4.939970303776675e-136	1.2550533690559523e-135
GGB2977_SGB3959___SGB3959	31.379394478705233	3.866019216905626e-216	1.3073936608522067e-215
Bifidobacterium_longum___SGB17248	-39.12491512263351	0.0	0.0
Blautia_sp_MSK_21_1___SGB4829	16.656508402607912	2.7141391150952565e-62	4.834258459449025e-62
Alistipes_indistinctus___SGB2325	-23.486800925891895	5.564670975124425e-122	1.3422254568914578e-121
Candidatus_Pararuminococcus_gallinarum___SGB63327	-19.316967374233716	3.867123887802395e-83	7.741982023380395e-83
Blautia_stercoris___SGB4788_group	12.876366946547693	6.114681682880893e-38	9.041058145589031e-38
GGB9787_SGB15410___SGB15410	17.194777174237387	2.905727932254531e-66	5.33694249575557e-66
Victivallis_vadensis___SGB9202	25.852526241834173	2.279057072394518e-147	6.067383323050299e-147
Ruminococcaceae_bacterium___SGB15273	-11.627655106580942	2.9817616103853592e-31	4.186175837301184e-31
Lachnospiraceae_bacterium___SGB4594	-11.833749265270015	2.612081724097336e-32	3.7246350510276823e-32
Candidatus_Geddesella_stercoravicola___SGB14262	-9.441356362039931	3.679846539788662e-21	4.6509171544551146e-21
GGB45620_SGB63333___SGB63333	-6.934955638103136	4.063486546568395e-12	4.702369980479726e-12
Alistipes_dispar___SGB2311	-11.39364057817196	4.497955702707439e-30	6.2534078589029815e-30
GGB9646_SGB15123___SGB15123	-16.111778795359918	2.1086957636450714e-58	3.602055391482451e-58
GGB9568_SGB14980___SGB14980_group	37.02585968019883	4.394041080412262e-300	1.9376366173976537e-299
GGB3005_SGB3996___SGB3996	-11.75792798189106	6.429274517662016e-32	9.115727750962717e-32
Ruminococcaceae_bacterium___SGB15278	-8.063536046004078	7.411866148951625e-16	8.874734467823656e-16
Lachnospiraceae_bacterium___SGB4771	5.935515319340679	2.9292396992869616e-09	3.313185241792371e-09
Ruminococcaceae_unclassified_SGB15257___SGB15257	42.24664022003679	0.0	0.0
Anaerosacchariphilus_sp_NSJ_68___SGB4772	3.8177648583591313	0.0001346661830231436	0.00014573064779045054
Candidatus_Allobutyricicoccus_pentlandensis___SGB14180	-7.291695091662939	3.0607925652487475e-13	3.579267941371491e-13
Clostridia_bacterium___SGB53497	-15.67310759906891	2.310031664730748e-55	3.860336721862235e-55
GGB35068_SGB47850___SGB47850	23.850282122439356	1.0058372198510403e-125	2.4557147733436375e-125
GGB45432_SGB63101___SGB63101	-30.652044577302856	2.4819847133926574e-206	7.98863890066254e-206
Escherichia_coli___SGB10068	10.38729190456067	2.8328226630879676e-25	3.721332658465952e-25
Clostridia_bacterium___SGB13981	-11.644783811396726	2.439394533578805e-31	3.4343655810300756e-31
Clostridia_bacterium___SGB15390	-18.447968081556372	5.414287239772982e-76	1.0544166394966448e-75
GGB9818_SGB15459___SGB15459	-12.770972440847505	2.3816027667873006e-37	3.5110226355730308e-37
Streptococcus_gordonii___SGB8053	12.905439257877198	4.1941700025191395e-38	6.238282574326387e-38
GGB9667_SGB15164___SGB15164	-13.03795955852736	7.442217327006367e-39	1.1085802893353234e-38
Clostridia_bacterium___SGB14932	-17.256164938274715	1.0057269663417918e-66	1.850611568581128e-66
Christensenellaceae_bacterium___SGB14127	-20.442146928466165	7.056570047075573e-93	1.4870792878152946e-92
Streptococcus_sp_A12___SGB8059_group	-3.256050853590422	0.0011297351519375897	0.001209481162662596
Coprobacter_fastidiosus___SGB1963	-13.73379688817305	6.370552483199916e-43	9.750646843552166e-43
Bittarella_massiliensis___SGB7263	-22.987843412082118	6.1678057378603485e-117	1.4630269060659264e-116
Anaerotruncus_rubiinfantis___SGB25416	-20.956304746318526	1.6436256981855423e-97	3.5611890127353416e-97
Anaeromassilibacillus_sp_An250___SGB14894	-24.90516613203517	6.540642073705704e-137	1.6701996723927066e-136
Clostridia_bacterium___SGB15405	23.73448560119929	1.58908814970858e-124	3.870260919363233e-124
GGB58158_SGB79798___SGB79798	-13.228726209881515	5.989381885008012e-40	9.05645206479308e-40
GGB4773_SGB6607___SGB6607	21.599501168060183	1.815653705325429e-103	4.0568512478365056e-103
Clostridia_bacterium___SGB4133	-7.999312852164535	1.2511545479357924e-15	1.4927362365717856e-15
GGB51959_SGB72479___SGB72479	-11.655611482826762	2.1483265118678807e-31	3.0288378005348573e-31
Coprobacillus_cateniformis___SGB6771	-12.061288152031542	1.6911690533261505e-33	2.428780806857212e-33
Oscillibacter_sp_PC13___SGB7258	-12.560396560759996	3.485812707289995e-36	5.086440991249687e-36
Oscillospiraceae_bacterium_NSJ_64___SGB82503	-14.041174689738902	8.725423776318692e-45	1.3604593769618395e-44
Isoptericola_variabilis___SGB17153_group	5.715757928287875	1.0921612180257276e-08	1.229756332107709e-08
Mogibacterium_diversum___SGB3922	8.955635998433126	3.3778271627192713e-19	4.179487008506787e-19
Candidatus_Heteroscilispira_lomanii___SGB63278	-6.470904269507561	9.741814193609637e-11	1.118297707316886e-10
Candidatus_Allochristensenella_caecavium___SGB63369	-14.549872639458858	5.851188432245251e-48	9.356293323765969e-48
Clostridium_spiroforme___SGB6747	-21.158761152307346	2.291646856140034e-99	5.0305668925354695e-99
Mediterraneibacter_massiliensis___SGB4595	-11.14498168952786	7.575987443232936e-29	1.0416982734445288e-28
Intestinimonas_butyriciproducens___SGB15126	-24.317355941315075	1.2846629842901632e-130	3.1988747444638143e-130
Clostridiaceae_bacterium___SGB7256	-9.287774503405831	1.575479440949054e-20	1.9737858828410554e-20
Massilimaliae_massiliensis___SGB29347	-16.51629311335951	2.800925825383721e-61	4.901620194421512e-61
Coprococcus_eutactus___SGB5118	20.9484737315553	1.9374160103996554e-97	4.1886683075811126e-97
Prevotella_stercorea___SGB1679	53.379609957147316	0.0	0.0
GGB1631_SGB2239___SGB2239	44.1641113410328	0.0	0.0
Bacteroidaceae_bacterium___SGB1472	59.7937096637252	0.0	0.0
Bacteroides_cellulosilyticus___SGB1844	-27.207713309450405	5.26404732784664e-163	1.4636976042151353e-162
Bacteroides_pectinophilus___SGB5068	17.98502385058754	2.552788937039798e-72	4.867317573289215e-72
Phascolarctobacterium_succinatutens___SGB5765_group	37.64429433302498	4.05622903363155e-310	1.83723315052723e-309
Parabacteroides_goldsteinii___SGB1941	-11.042571707175481	2.3811871851544083e-28	3.260695447796939e-28
Paraprevotella_clara___SGB1798	-14.269717335292102	3.379456095709504e-46	5.318923823593103e-46
Lachnospiraceae_bacterium___SGB4648	9.001977359807542	2.2168828202779883e-19	2.7498137584860794e-19
GGB9059_SGB13976___SGB13976	44.09921402742598	0.0	0.0
Methanomassiliicoccales_archaeon___SGB376	45.36088845723153	0.0	0.0
GGB6612_SGB9346___SGB9346	-10.159128083925818	3.0176294141116576e-24	3.917830147244837e-24
GGB3490_SGB4664___SGB4664	-3.69430971341499	0.00022048493265921143	0.00023834278357653417
GGB4566_SGB6305___SGB6305	-10.823848183411824	2.6539492199237143e-27	3.590004282626538e-27
Clostridia_unclassified_SGB6276___SGB6276	8.15394712036137	3.522349321852172e-16	4.2327391010492487e-16
GGB9635_SGB15103___SGB15103	44.46597916246172	0.0	0.0
GGB9691_SGB15198___SGB15198	41.712590187521556	0.0	0.0
GGB4603_SGB6367___SGB6367	2.613049713754802	0.008973824782263032	0.00944563470772376
GGB3433_SGB4573___SGB4573_group	-8.797784082732699	1.3954420276758244e-18	1.713911005771166e-18
Pseudoruminococcus_massiliensis___SGB4280	3.4391125633159323	0.000583624509838628	0.0006254905078677372
Bacteroides_intestinalis___SGB1846	-12.661249181181352	9.694434751791103e-37	1.4208095441497649e-36
Anaerotignum_faecicola___SGB5190	7.4301105912972165	1.0850692008006207e-13	1.2718434074958095e-13
Lachnospiraceae_unclassified_SGB4890___SGB4890	45.68678641751064	0.0	0.0
Ruminococcus_bromii___SGB4285_group	5.33951678013155	9.319464417421861e-08	1.039998203103599e-07
Clostridia_bacterium___SGB3989	27.42486302318231	1.3859944282950758e-165	3.897136018885873e-165
GGB4599_SGB6362___SGB6362	6.963985122479951	3.307795558674532e-12	3.832295548881026e-12
GGB9361_SGB14336___SGB14336	31.649570149026648	7.687252224393182e-220	2.626259207036715e-219
Lachnospiraceae_bacterium___SGB4569	48.31866077902468	0.0	0.0
GGB3278_SGB4328___SGB4328	4.896217763223174	9.769879851893323e-07	1.0842183738076736e-06
Lachnospira_pectinoschiza___SGB5075_group	-12.13497511684434	6.893095509178109e-34	9.942346692632978e-34
Lentisphaeria_bacterium___SGB9205	17.03730805584693	4.342652667615388e-65	7.84656194996932e-65
Eisenbergiella_tayi___SGB4988	-16.94957633319991	1.9384560000087034e-64	3.4962062270427245e-64
Clostridia_bacterium___SGB3952	-12.06918026022072	1.5365727923880278e-33	2.2099272488224367e-33
Clostridium_SGB6179___SGB6179	18.44194761737934	6.052146262142151e-76	1.1763492055153966e-75
Roseburia_SGB4958___SGB4958	28.463197430139985	3.345809757665423e-178	9.90874428231683e-178
Slackia_isoflavoniconvertens___SGB14773_group	39.886742857250155	0.0	0.0
Tyzzerella_nexilis___SGB4588_group	-4.4052417996725195	1.0566594522970515e-05	1.1585061464943576e-05
Ruminococcaceae_bacterium___SGB15084	41.85620009039829	0.0	0.0
Longicatena_caecimuris___SGB4041	-9.258516569500177	2.0729203137510353e-20	2.59050341331434e-20
Enterocloster_lavalensis___SGB4725	-13.294972607895998	2.4756387521555512e-40	3.754718774102586e-40
Eggerthella_lenta___SGB14809	-27.155511886148595	2.1796171936094078e-162	6.027063013268003e-162
GGB3491_SGB4665___SGB4665	-6.192217129677014	5.932375187609035e-10	6.771160276849081e-10
Intestinimonas_massiliensis___SGB15127	-13.993149048904689	1.7164038405770492e-44	2.6678885782882395e-44
Clostridia_bacterium___SGB14042	-6.4972921208629195	8.177857582977698e-11	9.409236138575488e-11
Clostridia_bacterium___SGB5184	-8.862887783844505	7.7968048770874e-19	9.623429940770022e-19
GGB3486_SGB4658___SGB4658	14.883973950449867	4.1886303399453577e-50	6.784496715672012e-50
Enterocloster_aldensis___SGB4762	-15.60883629561961	6.338252680125799e-55	1.0556723681873419e-54
Enterocloster_bolteae___SGB4758_group	-27.73079517256285	2.9705561250854285e-169	8.544616900030212e-169
Ruminococcaceae_bacterium___SGB53515	-16.301113594454453	9.691023918358037e-60	1.678324384476885e-59
Clostridia_bacterium___SGB15411	21.241660167706744	3.9372642379847214e-100	8.738805991624625e-100
Christensenellaceae_bacterium___SGB3813	-19.589296018496402	1.9081035469493033e-85	3.8821375010086435e-85
Anaerotruncus_massiliensis___SGB14965	-8.54880371854635	1.2437081306706142e-17	1.5126996826261055e-17
Bacilli_bacterium___SGB6533	16.289214745618445	1.177311557836083e-59	2.035386648348738e-59
GGB38171_SGB72433___SGB72433_group	43.526052646680654	0.0	0.0
Enterocloster_citroniae___SGB4761	-20.995438123438166	7.219428151020258e-98	1.571010343298104e-97
Peptococcaceae_bacterium___SGB4053	15.08402674951884	2.0629412529547755e-51	3.363199013367639e-51
Candidatus_Parachristensenella_avicola___SGB58519	-9.410561473849715	4.934936071650577e-21	6.229345533067121e-21
Eisenbergiella_massiliensis___SGB4987	-13.21825726921629	6.88404938436896e-40	1.0393564756792351e-39
Methanosphaera_stadtmanae___SGB698	34.13995692705587	1.8846710062928718e-255	7.146044232193806e-255
Clostridiales_bacterium___SGB15158	-12.879556009963846	5.867210686513734e-38	8.700856144000366e-38
Clostridium_innocuum___SGB4037_group	-21.875464620100537	4.449571322166315e-106	1.0099820620155287e-105
Clostridia_bacterium___SGB4438	-13.105015366014682	3.0819980602026915e-39	4.611479907717331e-39
Clostridium_symbiosum___SGB4699	-16.899018684000968	4.574563374175159e-64	8.235859599908876e-64
GGB3537_SGB4727___SGB4727	-11.242261139308836	2.528224278679046e-29	3.490693107527897e-29
Sutterella_wadsworthensis___SGB9283	-12.054194927473981	1.843247109557754e-33	2.6433959264574663e-33
Sellimonas_intestinalis___SGB4617	-16.641221435497293	3.503971918583667e-62	6.207921930092479e-62
Romboutsia_timonensis___SGB6148	-4.715253672107993	2.4140979267568292e-06	2.6642910966742958e-06
GGB9494_SGB14891___SGB14891	-13.923457145714416	4.562884130861052e-44	7.059423516216249e-44
Hungatella_hathewayi___SGB4741	-12.299660425896416	9.095571052747264e-35	1.3157032693352617e-34
Clostridium_scindens___SGB4630_group	-19.852107323621624	1.0567492917152374e-87	2.1810433835194896e-87
Lachnospiraceae_bacterium___SGB5200	-16.584001668224236	9.096473087763405e-62	1.600275845492297e-61
Dielma_fastidiosa___SGB4031	-11.869306314597482	1.7087860480383794e-32	2.4400782226625074e-32
Enterocloster_clostridioformis___SGB4760	-10.705900235333718	9.549788849047733e-27	1.2796972741495022e-26
Candidatus_Schneewindia_gallinarum___SGB63326	-12.314738810393289	7.545907849070739e-35	1.093119212289408e-34
Faecalicatena_contorta___SGB4613	-25.59299665830503	1.8255537872617265e-144	4.7837155524842624e-144
Harryflintia_acetispora___SGB14838	-9.817977950508155	9.42143180154925e-23	1.2075356252689883e-22
GGB1632_SGB2240___SGB2240	35.15304145757738	1.04446328513059e-270	4.148840271490954e-270
Catabacter_hongkongensis___SGB14143	-11.72742134820254	9.222560638617463e-32	1.30576848645772e-31
GGB9694_SGB15201___SGB15201	-11.552341070251147	7.183657722788085e-31	1.0057120811903318e-30
Clostridia_unclassified_SGB15402___SGB15402	-19.806032242208243	2.640941380163217e-87	5.428300454914538e-87
Christensenella_massiliensis___SGB29339	-17.293728197483134	5.2447749055887615e-67	9.68638317434382e-67
Anaerotruncus_colihominis___SGB14963	-17.686259111253573	5.35122083772184e-70	1.010673973313125e-69
Ruminococcaceae_unclassified_SGB14835___SGB14835	11.544106160499334	7.905905720434998e-31	1.1052809533736638e-30
Mediterraneibacter_glycyrrhizinilyticus___SGB4606	-14.304015052424504	2.0654129893833643e-46	3.261006943805596e-46
Clostridia_bacterium___SGB53517	-19.403922820310072	7.150142237815079e-84	1.4372073052315048e-83
Clostridium_sp_Marseille_P3244___SGB29302	-18.651458947195394	1.2287799895434998e-77	2.411781901045183e-77
Christensenella_minuta___SGB14142	-16.35134861609672	4.254585009623612e-60	7.381004496764706e-60
Clostridia_bacterium_UC5_1_1D1___SGB14995	-19.150445932520892	9.59615191449257e-82	1.9173149833147828e-81
GGB58233_SGB79883___SGB79883	-13.905102746885166	5.898210323090962e-44	9.069291141957072e-44
Lachnospiraceae_bacterium_NSJ_29___SGB25431	-29.220168356353707	1.0751655853949113e-187	3.2812218017692263e-187
Candidatus_Metaruminococcus_caecorum___SGB63353	-10.433537379693618	1.7427690309076886e-25	2.2984345190231835e-25
Neobittarella_massiliensis___SGB7264	-14.949970485740684	1.558182292804355e-50	2.5320462258070765e-50
Collinsella_bouchesdurhonensis___SGB14397	29.92964879953682	8.097622543604324e-197	2.5409781085103223e-196
GGB3293_SGB4348___SGB4348	13.948294622963221	3.2221812521919985e-44	4.992884571895032e-44
Butyrivibrio_crossotus___SGB5065	37.43431731468263	1.0810042782003162e-306	4.8524003698588184e-306
Ruminococcus_bicirculans___SGB4262	-11.411527709072883	3.662397729635728e-30	5.0988318878516885e-30
GGB3733_SGB5066___SGB5066	41.53243664112155	0.0	0.0
GGB4596_SGB6358___SGB6358	-6.997660806888242	2.602712601090526e-12	3.0189053461084778e-12
Lachnospiraceae_bacterium___SGB5062	27.976427250264294	3.1454844642037773e-172	9.126463619327482e-172
Lachnospiraceae_bacterium_BX3___SGB4651	-3.5164224539428703	0.00043740441041147603	0.0004702919600664742
Sutterella_wadsworthensis___SGB9286	5.992912653800539	2.061155717596137e-09	2.336598950525179e-09
Faecalitalea_cylindroides___SGB6790	-12.60949659362185	1.8718480683320313e-36	2.7353575421903112e-36
GGB1662_SGB2276___SGB2276	-6.68600524102452	2.2934481587249076e-11	2.6479141947908105e-11
Desulfovibrio_piger___SGB15467_group	29.896951042296074	2.155825873877515e-196	6.7226844229015335e-196
Butyricimonas_paravirosa___SGB1785	-12.121228574592868	8.152774162960363e-34	1.1742340916724206e-33
Clostridia_bacterium___SGB4435	36.224721855027646	2.4852945279301247e-287	1.0541439925669724e-286
Monoglobus_pectinilyticus___SGB4166	-13.525894353272127	1.0999769853606511e-41	1.6784709791859934e-41
Clostridium_perfringens___SGB6191	22.288235640735603	4.805604820793436e-110	1.1135209318551457e-109
GGB9644_SGB15121___SGB15121	-13.17801733247686	1.1743667186805535e-39	1.7650767048036546e-39
Clostridia_bacterium___SGB3940	45.00080780180103	0.0	0.0
Clostridia_unclassified_SGB14844___SGB14844	-11.8759362655636	1.578567105701782e-32	2.2573509611535484e-32
GGB9608_SGB15041___SGB15041	11.285308872204162	1.550958296897057e-29	2.144349799991649e-29
Lachnospira_SGB5076___SGB5076	6.1825685176571294	6.306692284802742e-10	7.182023864718481e-10
Clostridia_bacterium___SGB15382	-15.290798164114817	8.806419102019044e-53	1.4427537677775881e-52
Ruminococcaceae_unclassified_SGB15309___SGB15309	44.02818482848177	0.0	0.0
Clostridia_unclassified_SGB6385___SGB6385	21.18692851776105	1.260568700382946e-99	2.7732511408424812e-99
Ruminococcaceae_bacterium___SGB15272	-24.728778103714326	5.245479309861128e-135	1.3259406033260073e-134
GGB9581_SGB14999___SGB14999	-25.612640593297275	1.1031595137627947e-144	2.8983272264476575e-144
Hungatella_hathewayi___SGB4742	-17.923967350586235	7.666076704111485e-72	1.4506130020445362e-71
Erysipelotrichaceae_bacterium___SGB4029	-10.259005194668347	1.0781165101129204e-24	1.4088702697428633e-24
Clostridia_unclassified_SGB71368___SGB71368	10.553473727765352	4.8953054092187505e-26	6.51622435455847e-26
Clostridia_bacterium___SGB3574	-24.41750377123294	1.1147610804944063e-131	2.7896896039372515e-131
GGB3034_SGB4030___SGB4030	-11.795738887706223	4.105810053020999e-32	5.846253005795192e-32
Lachnoclostridium_sp_An138___SGB4774	-10.461347076888396	1.2999422658713128e-25	1.7189461137875615e-25
GGB9560_SGB69175___SGB69175	40.41211047957742	0.0	0.0
Klebsiella_pneumoniae___SGB10115	27.119184998752075	5.849169486930693e-162	1.6129527979111913e-161
Holdemania_massiliensis___SGB4044	-12.395584283199454	2.7612572609044376e-35	4.01163790735173e-35
Clostridia_unclassified_SGB66170___SGB66170	-15.559526115240358	1.3711028356956157e-54	2.2723078452505153e-54
GGB2980_SGB3962___SGB3962	-21.654900142331144	5.464951386380892e-104	1.2265507483783124e-103
Ruminococcaceae_bacterium___SGB4393	16.522585975466335	2.523425400819997e-61	4.431489168808451e-61
Candidatus_Pseudobutyricicoccus_lothianensis___SGB14975	-11.6907309162204	1.4215787820089885e-31	2.007052695050772e-31
Clostridia_bacterium___SGB3969	-9.503631371050675	2.026957847073097e-21	2.5683351961014806e-21
Candidatus_Saccharibacteria_unclassified_SGB19850___SGB19850_group	-14.444474537944124	2.7162084602027597e-47	4.315753442322163e-47
Catenibacillus_scindens___SGB59869	-16.836115687988695	1.32664094388662e-63	2.379870223710585e-63
Blautia_caecimuris___SGB4862	-14.300857210591493	2.1613082618764744e-46	3.4070386931312616e-46
Lachnospiraceae_bacterium___SGB4808	38.848329814544876	0.0	0.0
Blautia_faecicola___SGB4867	37.93884263986266	0.0	0.0
Massilistercora_timonensis___SGB4628	-12.035468723670528	2.313164972543788e-33	3.312558136647113e-33
Clostridia_bacterium___SGB14854	-22.644855854548204	1.5678455358016917e-113	3.684068970275806e-113
Clostridia_bacterium___SGB4342	6.090060435659851	1.128680715092449e-09	1.2824170213479472e-09
GGB9615_SGB15052___SGB15052	31.151982618040613	4.767953772035377e-213	1.5803714323865603e-212
Blautia_schinkii___SGB4825	16.51754140083622	2.7435621240821186e-61	4.809642182497724e-61
GGB9623_SGB15076___SGB15076	-9.351108599662291	8.673379969779723e-21	1.0907102198177767e-20
Eubacterium_sulci___SGB3934	5.7999621719401615	6.632988084086858e-09	7.49392897536224e-09
Candidatus_Neoruminococcus_faecicola___SGB63342	-9.317891921939253	1.1867466925972438e-20	1.4905061973523725e-20
Massilimaliae_timonensis___SGB7253	-16.04579106656685	6.117447975906832e-58	1.0378924447258879e-57
Streptococcus_oralis___SGB8130	6.402756101968803	1.5259685965597503e-10	1.7497074056773312e-10
Pseudoflavonifractor_capillosus___SGB15140	-11.102966274190099	1.2134836768883965e-28	1.6639687131031302e-28
Clostridiales_bacterium_BX7___SGB72833	-8.105173296812128	5.267038933699025e-16	6.321709799319814e-16
Pseudoflavonifractor_SGB15156___SGB15156_group	-9.89439357950312	4.4027058386732883e-23	5.657392226587885e-23
Actinomyces_oris___SGB15878	3.494341977355639	0.00047523185099593974	0.0005104153249430641
Hydrogeniiclostidium_mannosilyticum___SGB14890	-16.629126004686942	4.2880354415145006e-62	7.570235409093501e-62
Phocaeicola_massiliensis___SGB1812	-23.6096073167584	3.070856511345158e-123	7.442923408853518e-123
Parasutterella_SGB9260___SGB9260	-10.705191704480175	9.623127634689976e-27	1.2867639045396735e-26
GGB3523_SGB4703___SGB4703	-8.759283019576594	1.96496190590612e-18	2.40749922620811e-18
Clostridium_sp_AT4___SGB4753	-11.238575522333017	2.6360140860840156e-29	3.634504270206749e-29
Bifidobacterium_catenulatum___SGB17241	-14.917181332961722	2.5481195372246837e-50	4.1339832362429633e-50
Butyricimonas_faecihominis___SGB1786	-12.383075182517928	3.227353330703247e-35	4.682000991353551e-35
Streptococcus_rubneri___SGB8056	4.595023204501529	4.327011141256598e-06	4.759712255382258e-06
Rothia_mucilaginosa___SGB16971	7.1098878226967726	1.1613731058221123e-12	1.3517842778231795e-12
Streptococcus_mitis___SGB8163	-8.207234527850309	2.263411859823027e-16	2.723167393849579e-16
Clostridium_sp_SN20___SGB29328	-17.426229100939143	5.2175179982536636e-68	9.743909545246114e-68
Bifidobacterium_bifidum___SGB17256	-16.74795551983073	5.860602175067631e-63	1.0475826387933389e-62
Streptococcus_sanguinis___SGB8047	-8.26436352432511	1.4044203115148853e-16	1.6937647371402412e-16
Trueperella_pyogenes___SGB17137	-6.069781756560302	1.2808419046526727e-09	1.4536539076613665e-09
Streptococcus_sp_263_SSPC___SGB8255_group	-5.191132764388297	2.090185121666357e-07	2.3299279585612733e-07
Blautia_hydrogenotrophica___SGB4677	-9.587672571335284	9.009434912395237e-22	1.14447263290706e-21
Lancefieldella_parvula___SGB969	-4.238362048910208	2.2515646559969057e-05	2.4551374952645998e-05
Actinomyces_SGB17168___SGB17168	-5.34059580487728	9.264160278943767e-08	1.0349804061632491e-07
Gemella_sanguinis___SGB7298	-6.897527659267136	5.291534305777292e-12	6.1164270670705186e-12
Klebsiella_aerogenes___SGB10116	18.055617723311236	7.126025340236439e-73	1.3638912744888481e-72
Actinomyces_SGB17154___SGB17154	4.220350182232788	2.439231184599002e-05	2.6568774926916222e-05
Streptococcus_anginosus___SGB8028_group	11.041596078404782	2.407187654164546e-28	3.291796231992774e-28
Eubacterium_sp_AM28_29___SGB6796_group	38.38474101929087	0.0	0.0
Holdemanella_biformis___SGB6806_group	43.60552438821089	0.0	0.0
Bacteroides_eggerthii___SGB1829	-15.568146808914276	1.198289266070579e-54	1.9891999259314252e-54
Clostridia_bacterium___SGB4335	16.647096934919322	3.1764172423665052e-62	5.637577410654028e-62
Bacilli_unclassified_SGB6478___SGB6478	14.855036422617655	6.453285584312288e-50	1.0435765541028433e-49
Eggerthellaceae_unclassified_SGB14341___SGB14341	-21.109113316561363	6.5591679093772755e-99	1.4335648640363872e-98
GGB9636_SGB15107___SGB15107	35.72493414922337	1.621511477697165e-279	6.625032608876988e-279
Clostridia_bacterium___SGB17347	-10.819943149796194	2.7694911408886438e-27	3.741242418393431e-27
GGB9633_SGB15090___SGB15090	35.14461856558639	1.4046626935757678e-270	5.557578483278038e-270
Lachnospira_SGB5077___SGB5077	15.794721816593228	3.382822269253967e-56	5.681552166985269e-56
GGB9710_SGB15239___SGB15239	39.373032041021844	0.0	0.0
Clostridia_bacterium___SGB15408	44.507072275336526	0.0	0.0
Clostridia_bacterium___SGB14954	-7.9917388673544885	1.3304862551041365e-15	1.5854961206657626e-15
GGB4672_SGB6461___SGB6461	76.23623895328427	0.0	0.0
GGB9501_SGB14898___SGB14898	-10.039836405508142	1.0184291979165825e-23	1.3137211689619835e-23
Mesosutterella_multiformis___SGB9272_group	-10.789018022653888	3.879121564017422e-27	5.2331545627782205e-27
Clostridia_bacterium___SGB14247	27.19308514451364	7.840702691291085e-163	2.1741117434854225e-162
Massilimicrobiota_timonensis___SGB6767	-10.761906539696758	5.208135627400723e-27	7.007182477188337e-27
Clostridia_bacterium___SGB4343	34.21289112569943	1.555159099298757e-256	5.941657474801739e-256
Clostridia_bacterium___SGB15395	-10.463983974819708	1.2642552955828783e-25	1.6739676598921445e-25
Clostridia_unclassified_SGB4447___SGB4447	-16.636284643991957	3.8050678094150476e-62	6.729457380255235e-62
Lactobacillus_mucosae___SGB7088_group	20.729084511211276	1.8935787119643294e-95	4.0588271748957036e-95
GGB6601_SGB9333___SGB9333	-7.922741260532162	2.323307063077966e-15	2.765315541190302e-15
GGB9697_SGB15213___SGB15213	26.70856234707956	3.7435552440393286e-157	1.0238521309517399e-156
Bacteroides_faecis___SGB1860	-12.712148100817561	5.0624426560197694e-37	7.452213380405572e-37
Bifidobacterium_pseudocatenulatum___SGB17237	-15.935473186967608	3.594692839673294e-57	6.078188399515149e-57
Clostridia_bacterium___SGB3961	-14.429823217714134	3.3594107059902596e-47	5.320838792240902e-47
Raoultibacter_massiliensis___SGB33551	3.0714691678435315	0.002130081616199401	0.002265899785138789
Candidatus_Pseudoruminococcus_merdavium___SGB59562	-9.278563628539697	1.717785840028678e-20	2.149379532335883e-20
GGB9739_SGB15313___SGB15313	-4.839072765103114	1.304462845024359e-06	1.4460324561122738e-06
Lachnospiraceae_bacterium___SGB4722	-9.234874757456339	2.5858835214975018e-20	3.2275179613703236e-20
Candidatus_Gastranaerophilales_bacterium___SGB8601	-11.775728108611917	5.206558272868727e-32	7.39257422856964e-32
Clostridia_unclassified_SGB6317___SGB6317	-7.164794268208926	7.790345694339285e-13	9.088736643395833e-13
Clostridium_sp_NSJ_42___SGB6174_group	27.57155950431413	2.4409235649157527e-167	6.902159571979289e-167
Candidatus_Nanosynsacchari_sp_TM7_ANC_38_39_G1_1___SGB19882	10.252544946264127	1.1526790816623104e-24	1.5043438862372525e-24
Bacteroides_fragilis___SGB1853	5.385532788319749	7.22303655889989e-08	8.096595291667178e-08
Candidatus_Aristotella_avistercoris___SGB63343	-8.76559338364891	1.857954525671921e-18	2.279181961026462e-18
GGB3277_SGB4327___SGB4327_group	12.877220069137968	6.047480581825075e-38	8.954923169240977e-38
Ruminococcaceae_unclassified_SGB4425___SGB4425_group	25.833512546557273	3.7279804015473884e-147	9.898430721349962e-147
GGB9524_SGB14924___SGB14924	-19.428551952350787	4.426748475841631e-84	8.915845521765538e-84
Merdimonas_faecis___SGB4626	-10.71781354303004	8.396473757075636e-27	1.1266582078864225e-26
Lachnospiraceae_bacterium___SGB5054	19.900857268323886	4.0002817117392816e-88	8.273309903824423e-88
Enterococcus_faecalis___SGB7962	7.62893135387712	2.367076306102043e-14	2.7941549320850768e-14
Enterocloster_asparagiformis___SGB4724	-7.174314246141264	7.267051620838606e-13	8.488119804503436e-13
Gordonibacter_urolithinfaciens___SGB14808	-15.868881700836626	1.0407880594199721e-56	1.756878326272162e-56
GGB3343_SGB4423___SGB4423	13.265904928513486	3.649881115233951e-40	5.527278360588783e-40
GGB3510_SGB4687___SGB4687	-10.60603206497286	2.793623939882101e-26	3.728556751762644e-26
Lacrimispora_saccharolytica___SGB4701	-10.962676661350018	5.776514850666568e-28	7.877781151930836e-28
GGB9347_SGB14313___SGB14313	27.58555667398839	1.6583920838172042e-167	4.702692566291845e-167
GGB9331_SGB14294___SGB14294	51.58583425689516	0.0	0.0
Coprococcus_eutactus___SGB5121	17.274787113251293	7.284170333220145e-67	1.3428093008385573e-66
Clostridia_bacterium___SGB4350	59.92274460694895	0.0	0.0
GGB9634_SGB15095___SGB15095_group	56.470785706181445	0.0	0.0
GGB9677_SGB15179___SGB15179	31.333391635191088	1.6381828818950543e-215	5.50275525092936e-215
Clostridia_bacterium___SGB4365	34.195446420533166	2.825735383673387e-256	1.075498524356297e-255
Acidaminococcaceae_unclassified_SGB5785___SGB5785	-8.020923617253215	1.0495297948139412e-15	1.2536746117049584e-15
Clostridia_bacterium___SGB15377	48.85389958697577	0.0	0.0
Clostridia_bacterium___SGB14291	51.352429056751284	0.0	0.0
GGB6613_SGB9347___SGB9347	-10.2267452279243	1.5049241575903114e-24	1.9614962001925805e-24
GGB9291_SGB14248___SGB14248	35.94147960243867	6.876757739173544e-283	2.88018179787143e-282
GGB9608_SGB15042___SGB15042_group	28.61081560219023	4.929008932192882e-180	1.4684339110491294e-179
Ruminococcaceae_bacterium___SGB4247	22.668213234185146	9.226347647842979e-114	2.1730762342331346e-113
GGB9631_SGB15085___SGB15085	44.153597984322595	0.0	0.0
GGB3303_SGB4364___SGB4364	35.93155029613847	9.828121540927956e-283	4.099145692695368e-282
GGB3617_SGB4891___SGB4891	35.09410888636766	8.290422232487513e-270	3.2672097065826776e-269
GGB6606_SGB9340___SGB9340	-10.705142576757702	9.628233411590564e-27	1.2867639045396735e-26
GGB9618_SGB15065___SGB15065	36.28496959752506	2.7927992053880577e-288	1.1896136189759345e-287
Clostridia_bacterium___SGB15413	31.223882681296832	5.052015795549179e-214	1.6800889738686805e-213
Desulfovibrionaceae_bacterium___SGB15460	14.977106493559367	1.0363154852352205e-50	1.6867508954804159e-50
Roseburia_sp_AM59_24XD___SGB4654	9.69555507902163	3.1492056039372607e-22	4.0055334301667065e-22
Coriobacteriia_bacterium___SGB14770	-10.82929907378948	2.500621018963784e-27	3.3917637398140214e-27
GGB9778_SGB15398___SGB15398	34.543586408478525	1.779226547099972e-261	6.876470168521514e-261
GGB9709_SGB15238___SGB15238	39.953488077087805	0.0	0.0
Acholeplasmatales_unclassified_SGB6584___SGB6584	22.46785089394482	8.563598424947223e-112	1.9935260519470163e-111
GGB6649_SGB9391___SGB9391	24.12126044102283	1.4958474679605187e-128	3.6789762049839783e-128
Clostridia_unclassified_SGB6376___SGB6376	-4.013192360831561	5.990305785999013e-05	6.503574936860099e-05
Clostridia_bacterium___SGB15403	-10.206870346227301	1.8472721897498833e-24	2.4045766735235803e-24
GGB9701_SGB15218___SGB15218	45.30408089255322	0.0	0.0
Clostridia_bacterium___SGB47427	25.5310853997915	8.907344490711268e-144	2.3280030901310652e-143
GGB4585_SGB6340___SGB6340	8.56986950725203	1.0360237134473638e-17	1.2616298505605976e-17
Peptococcaceae_bacterium___SGB49168	10.061233929633374	8.196450333688407e-24	1.0586641011641413e-23
Clostridia_bacterium___SGB14202	18.89775641963653	1.1900652491678414e-79	2.358921414687147e-79
Lachnospiraceae_bacterium___SGB4817	20.36760643341824	3.241380620525858e-92	6.802142560055311e-92
Clostridia_unclassified_SGB13972___SGB13972	14.192514730541168	1.0193666909114261e-45	1.5943532150036523e-45
Clostridia_bacterium___SGB14949	39.79529501703913	0.0	0.0
Actinomyces_sp_ICM58___SGB17169	3.8796443836968857	0.00010460929175273051	0.00011344951359098943
Lachnospiraceae_bacterium___SGB5050	17.128447217197678	9.105258919814115e-66	1.6632051421047314e-65
Clostridia_bacterium___SGB5180	15.487886783249621	4.1883241056143634e-54	6.918337342772241e-54
Candidatus_Alloruminococcus_vanvlietii___SGB63325	-9.985197493831063	1.7694835688138348e-23	2.276674874527826e-23
GGB9633_SGB15091___SGB15091	3.6434382650765014	0.00026902019839748596	0.0002901823476248744
Bacteroides_nordii___SGB1858	-13.909835166327602	5.520652971898628e-44	8.514905431233476e-44
Catenibacterium_sp_AM22_15___SGB6783_group	52.52486154155612	0.0	0.0
Holdemania_sp_Marseille_P2844___SGB4045	-10.900455167579183	1.1468215198023378e-27	1.5597395941876904e-27
GGB3677_SGB4990___SGB4990	-7.895248250479634	2.8973794730531854e-15	3.444509326040663e-15
Clostridia_bacterium___SGB3993	-7.888123536683837	3.06764022243552e-15	3.642595329368868e-15
Clostridia_bacterium___SGB14845	-10.728999375091794	7.439739841491779e-27	9.996214203131907e-27
Angelakisella_massiliensis___SGB29321	-8.264461351168377	1.4032691661422496e-16	1.6937647371402412e-16
GGB9610_SGB15045___SGB15045	-7.714246299111812	1.2169925534370727e-14	1.438263926789268e-14
GGB45491_SGB63163___SGB63163	-13.782198028569058	3.261873156219204e-43	5.000206783117034e-43
TM7_phylum_sp_oral_taxon_348___SGB19880	5.341761269238835	9.204782713544818e-08	1.0294958096378059e-07
Actinomyces_graevenitzii___SGB17130	3.0684519498102265	0.002151709284425537	0.002286476638757922
GGB781_SGB1024___SGB1024	26.01398198415778	3.4406201274627787e-149	9.208718576444496e-149
GGB4700_SGB6506___SGB6506	21.195904696834006	1.0417722068488865e-99	2.296947090431135e-99
Bacilli_bacterium___SGB6499	26.616755943541776	4.3435290076110884e-156	1.181487102342038e-155
GGB1495_SGB2071___SGB2071	51.39992374162323	0.0	0.0
Bacilli_bacterium___SGB6529	31.06178425764792	7.909113410491066e-212	2.6042837249676177e-211
Bacilli_unclassified_SGB6540___SGB6540	17.045592421278013	3.7690573681613687e-65	6.8472348920681125e-65
Clostridia_bacterium___SGB6350	9.375090991718228	6.91161280494696e-21	8.702546437423782e-21
Akkermansia_muciniphila___SGB9228	-9.795086510562582	1.1819619538195446e-22	1.5129717593009773e-22
GGB4708_SGB6518___SGB6518	32.56706272241836	1.200719510270657e-232	4.323454063960172e-232
Desulfovibrionaceae_bacterium___SGB15447	13.118485021199614	2.580418705039743e-39	3.8667651553065604e-39
Clostridia_bacterium___SGB14215	23.539425098361548	1.6109912777894335e-122	3.8951745629643065e-122
GGB4588_SGB6347___SGB6347	-5.341792761090881	9.203183403809468e-08	1.0294958096378059e-07
GGB9627_SGB15081___SGB15081	20.444884838306308	6.671557286342385e-93	1.411887704784086e-92
Clostridia_bacterium___SGB14110	36.02801441344286	3.0477329794322695e-284	1.287249245743334e-283
Lachnospiraceae_unclassified_SGB5104___SGB5104	42.77270804004947	0.0	0.0
GGB4676_SGB6465___SGB6465	18.34365762404606	3.7097672208492073e-75	7.182740789303784e-75
Faecalibacterium_prausnitzii___SGB15322	24.01449017862487	1.9625844846448997e-127	4.803293567553899e-127
GGB9618_SGB15064___SGB15064	39.111419170807075	0.0	0.0
Bacilli_bacterium___SGB6511	21.548600377681144	5.457174307599196e-103	1.216621710892382e-102
GGB9637_SGB15111___SGB15111	42.42814523546837	0.0	0.0
GGB4706_SGB6513___SGB6513	23.45697149610629	1.122178666210627e-121	2.687322595399133e-121
GGB4710_SGB6522___SGB6522	20.218083495375193	6.786891264528915e-91	1.418304416658339e-90
Bacilli_bacterium___SGB6476	31.60631667463949	3.0233382447686586e-219	1.0293746880998052e-218
Firmicutes_bacterium___SGB49163	18.132217749728696	1.7745574144690525e-73	3.409466356782191e-73
Clostridia_bacterium___SGB4395	17.0454121979174	3.7806934094095855e-65	6.855931345686585e-65
GGB4698_SGB6498___SGB6498	23.478331616885256	6.791544185989041e-122	1.6342153197536129e-121
Lachnospiraceae_unclassified_SGB4924___SGB4924_group	18.15125766114488	1.2549437402418062e-73	2.415766699965477e-73
GGB9635_SGB15101___SGB15101	48.28295953111176	0.0	0.0
Bacilli_bacterium___SGB6440	13.974940715941006	2.2169814152282435e-44	3.4406176692146843e-44
Blautia_sp_AF19_10LB___SGB4810	10.413836183422346	2.1440382775733655e-25	2.820213292839604e-25
Clostridia_bacterium___SGB14011	32.38402311125774	4.6075079546947e-230	1.6413222287008521e-229
Clostridia_bacterium___SGB14190	24.579069666024594	2.1152001914721764e-133	5.3332881402107016e-133
Clostridia_bacterium___SGB4158	20.208481480052367	8.244563242544022e-91	1.7193349595388678e-90
Streptococcus_thermophilus___SGB8002	-23.68914331334592	4.6655874772054195e-124	1.1335565690977245e-123
GGB9561_SGB14972___SGB14972	-5.641497723101429	1.685772700608931e-08	1.893892787103861e-08
Clostridia_bacterium___SGB4159	19.07637309054145	3.968610988658107e-81	7.89777256391007e-81
GGB9186_SGB14125___SGB14125	-11.696806136206282	1.3234125484300856e-31	1.8710959900826492e-31
Clostridiaceae_bacterium_NSJ_31___SGB14839	-10.85183775822916	1.954553576611158e-27	2.6546921712181395e-27
GGB58485_SGB80143___SGB80143	24.818741657893895	5.62711318644874e-136	1.4260102024392882e-135
Leuconostoc_citreum___SGB7122	3.188502224033068	0.0014301190979075838	0.001524546556981354
GGB51960_SGB72480___SGB72480	7.813124321167119	5.578752042466141e-15	6.616505680697402e-15
Bacilli_unclassified_SGB6428___SGB6428	29.32506768319874	4.969860267490113e-189	1.5260215115820867e-188
Citrobacter_freundii___SGB10083_group	5.1767987341361055	2.2572549390151316e-07	2.5133617285363145e-07
Parabacteroides_johnsonii___SGB1948	-10.506166702743068	8.091597712377223e-26	1.075655950875113e-25
Clostridia_bacterium___SGB13979	28.29584123052076	3.8880572064958256e-176	1.1446897834418592e-175
Ruminococcaceae_bacterium___SGB15355	52.52502487820017	0.0	0.0
Allisonella_histaminiformans___SGB5843	3.2437673325389422	0.0011796005878279515	0.0012615172953160038
Lachnospiraceae_bacterium___SGB48024	10.823887891564038	2.652799236242028e-27	3.590004282626538e-27
Lactobacillus_delbrueckii___SGB7020	-7.015169404521139	2.2967050847463394e-12	2.6670554406393103e-12
Clostridia_bacterium___SGB14136	39.959971931263865	0.0	0.0
Clostridium_sp_AF32_12BH___SGB4710	-3.843696753582833	0.00012119474871438362	0.0001312943111072489
GGB3189_SGB4212___SGB4212	45.57967459671727	0.0	0.0
Clostridia_bacterium___SGB14255	23.10481508981067	4.141689755356844e-118	9.847580629720193e-118
Bacilli_bacterium___SGB6609	19.98436552624237	7.53388245307901e-89	1.564609198243172e-88
Clostridia_bacterium___SGB14209	38.554991292748895	0.0	0.0
Clostridium_SGB4751___SGB4751	-8.04686206590064	8.494382537876076e-16	1.015875378783029e-15
Clostridia_bacterium___SGB14198	-3.2041480692329007	0.0013546278969004805	0.0014456103675878262
Clostridia_bacterium___SGB14193	22.582872673667406	6.386024739936832e-113	1.4970517013294541e-112
Actinomyces_bouchesdurhonensis___SGB17152	-4.676533885111178	2.9176440741786873e-06	3.212939183996552e-06
Clostridiales_bacterium_Choco116___SGB15149	-9.087109897892216	1.0170656581253631e-19	1.263129930252467e-19
GGB3236_SGB4274___SGB4274	22.50936220462217	3.360703381054824e-112	7.841641222461256e-112
Clostridia_bacterium_12CBH8___SGB7259	-9.890621733579316	4.571796301183554e-23	5.867138586518894e-23
Clostridiales_Family_XIII_bacterium_WCA_MUC_591_APC_4B___SGB3926_group	58.676589280999515	0.0	0.0
Ruminococcaceae_bacterium___SGB14906	-12.875547432339323	6.179934321059726e-38	9.12406232357048e-38
GGB4750_SGB6579___SGB6579	20.93214499001921	2.7293412780012523e-97	5.888083231205287e-97
Ruminococcus_sp_JE7A12___SGB4272	35.58958506518565	2.0302437475807672e-277	8.161742937061639e-277
Dialister_hominis___SGB5803	-14.529371287388365	7.89416357827737e-48	1.2602962905670888e-47
GGB4549_SGB6271___SGB6271	10.271264678764709	9.495165350781781e-25	1.2424392831545835e-24
Bacilli_bacterium___SGB6503	18.199704110906133	5.188728763737793e-74	1.0007548155108924e-73
GGB9696_SGB15212___SGB15212	39.84384657037545	0.0	0.0
GGB18384_SGB72500___SGB72500_group	43.96930342433271	0.0	0.0
Coprococcus_sp_OM04_5BH___SGB5115	45.33595282392828	0.0	0.0
Megasphaera_sp_BL7___SGB5858	13.829140867585945	1.7003920079109738e-43	2.610571165519762e-43
Ligilactobacillus_ruminis___SGB7061	36.63638050180273	7.5402282418547e-294	3.295968764234304e-293
Ruminococcus_champanellensis___SGB4418	35.99180616661205	1.1237514745397694e-283	4.726366495858442e-283
Roseburia_SGB4949___SGB4949	33.806635855828894	1.5756025508683228e-250	5.951615673279967e-250
Ruminococcaceae_bacterium___SGB4419	35.03384080373553	6.872104287076879e-269	2.697637800534885e-268
Ruminococcaceae_bacterium___SGB43319	31.796704747603613	7.188866952621417e-222	2.472871415661182e-221
Ruminococcaceae_bacterium___SGB4300	64.34086191129686	0.0	0.0
GGB9729_SGB15288___SGB15288_group	58.395759688513465	0.0	0.0
GGB1266_SGB1699___SGB1699	46.898310936034115	0.0	0.0
GGB3341_SGB4420___SGB4420	23.461565073267426	1.0073417886631895e-121	2.418103430340174e-121
Clostridia_bacterium___SGB14002	30.626197546522402	5.483977401759662e-206	1.7594427497312252e-205
Butyricicoccus_SGB14990___SGB14990	17.95387023589406	4.475968780726478e-72	8.485690813460615e-72
Clostridia_bacterium___SGB58517	32.06134123834929	1.5256676445573135e-225	5.3585730252697216e-225
Clostridia_bacterium___SGB4141	21.936826357800435	1.1569867994145452e-106	2.6441638954656616e-106
Bacteroides_clarus___SGB1832	-12.453068411217284	1.3457020986162514e-35	1.95791831499254e-35
Clostridium_saccharogumia___SGB6749	-10.116133827257157	4.685598924896122e-24	6.067638452549829e-24
Enterococcus_faecium___SGB7967	8.545937111420598	1.2749743587193906e-17	1.548846278007415e-17
Eubacterium_sp_AF22_8LB___SGB6816	31.89051999160244	3.6138079757714535e-223	1.2560492304677863e-222
GGB9727_SGB15285___SGB15285	75.78995858579876	0.0	0.0
Phocaeicola_coprocola___SGB1891_group	-12.527636751191022	5.271000639101885e-36	7.68016250326199e-36
Clostridia_bacterium___SGB13977	27.899278129392258	2.7224113891492614e-171	7.876109250111013e-171
GGB9589_SGB15011___SGB15011	14.216241350154903	7.265161664084875e-46	1.1380949649059404e-45
Clostridia_bacterium___SGB3986	29.94811463283879	4.6557764255299766e-197	1.4655447175960712e-196
GGB1420_SGB1957___SGB1957	-8.951580257695104	3.5042919314145203e-19	4.3306126214147344e-19
GGB6565_SGB9274___SGB9274	62.858260729274846	0.0	0.0
Brachyspira_aalborgi___SGB5967	27.054439160621758	3.386702649623195e-161	9.313432286463786e-161
Faecalibacterium_prausnitzii___SGB15323	38.48969265697311	0.0	0.0
Lachnospiraceae_bacterium___SGB5060	25.242206843632726	1.379247000360929e-140	3.5491677310058865e-140
GGB9631_SGB15087___SGB15087	35.638104250823744	3.60177212853257e-278	1.4596655468263573e-277
Ruminococcaceae_bacterium___SGB4194	25.25158244781876	1.0881321545701223e-140	2.8072687802182796e-140
GGB4569_SGB6310___SGB6310	10.161259881437763	2.9523638283272016e-24	3.8380729768253616e-24
Roseburia_sp_MUC_MUC_530_WT_4D___SGB66053	40.55479752316058	0.0	0.0
Clostridia_bacterium___SGB14025	15.823335195135975	2.148059545736951e-56	3.6198781233715284e-56
Bacilli_bacterium___SGB6606	20.44329171146169	6.892962008420693e-93	1.4556656055757625e-92
Clostridia_bacterium___SGB15384	31.68413719367483	2.569842052096193e-220	8.809629774480443e-220
Ruminococcaceae_bacterium___SGB4183	28.755932086464824	7.635670209260358e-182	2.2884149339729394e-181
Clostridia_bacterium___SGB14005	45.88395680146066	0.0	0.0
Clostridia_bacterium___SGB14007	48.79522867056941	0.0	0.0
GGB2983_SGB3965___SGB3965	40.26478437257732	0.0	0.0
Clostridia_bacterium___SGB14017	27.854148508515074	9.594579387557636e-171	2.7677734775058198e-170
Clostridia_unclassified_SGB13993___SGB13993	30.832724017498787	9.548959227953484e-209	3.113520582143791e-208
Faecalibacterium_SGB15345___SGB15345	28.144803329360467	2.774349800297663e-174	8.096571866174813e-174
Actinomyces_sp_ICM47___SGB17167	-7.795408038515061	6.420067922215817e-15	7.596321501345193e-15
GGB9635_SGB15102___SGB15102	51.26950114416602	0.0	0.0
GGB9288_SGB14243___SGB14243	49.52374315350467	0.0	0.0
GGB9636_SGB15108___SGB15108	37.36671088220185	1.3574742355797488e-305	6.066212990247002e-305
Clostridia_unclassified_SGB3983___SGB3983	21.73580063460198	9.41272535660869e-105	2.122103171613806e-104
Clostridia_bacterium___SGB14203	30.52232986501415	1.3174899049877676e-204	4.200023550613871e-204
GGB9730_SGB15290___SGB15290	57.48139391850475	0.0	0.0
GGB9642_SGB15119___SGB15119	46.48108456655026	0.0	0.0
GGB3632_SGB4921___SGB4921	37.9835026978432	0.0	0.0
Clostridia_bacterium___SGB14952	-9.721093431080432	2.4513481430769297e-22	3.129846289821437e-22
Rikenellaceae_unclassified_SGB2227___SGB2227	31.227643115525275	4.491760515635912e-214	1.4987507587171826e-213
GGB1405_SGB1928___SGB1928	65.36244347667328	0.0	0.0
Megamonas_funiformis___SGB6962_group	-10.3198190180536	5.733112170030841e-25	7.511577594503759e-25
GGB6012_SGB8640___SGB8640	39.234620158569605	0.0	0.0
Clostridia_bacterium___SGB6328	17.176535800677385	3.979786915841561e-66	7.296276012376196e-66
GGB3637_SGB4930___SGB4930	35.80428623413313	9.471783767552035e-281	3.9017512556870726e-280
GGB3737_SGB5071___SGB5071	18.837880338444553	3.694684006242731e-79	7.294632525145905e-79
Clostridia_bacterium___SGB4155	6.298622660455174	3.0030203870486344e-10	3.439386049697578e-10
Lachnospiraceae_bacterium___SGB4905	15.660169875558687	2.8313994367224026e-55	4.723718060265208e-55
Clostridia_unclassified_SGB6371___SGB6371	4.399777844731125	1.083617543624683e-05	1.1867627583898334e-05
Clostridia_bacterium___SGB14109	32.94870613617412	4.414840647399446e-238	1.630721582305109e-237
Lachnospiraceae_bacterium___SGB48424	-9.117907553790307	7.658870714804657e-20	9.523639236670139e-20
Eubacteriaceae_bacterium___SGB5058	31.033983453408425	1.8766350533402034e-211	6.159054716044405e-211
Ruminococcaceae_unclassified_SGB69292___SGB69292	51.51653550935678	0.0	0.0
GGB4768_SGB6601___SGB6601	9.532821086649523	1.5306603988910146e-21	1.9419405060708566e-21
GGB3623_SGB4900___SGB4900	57.51910008652659	0.0	0.0
Ruminococcus_sp_AF41_9___SGB25497	3.635213541723143	0.0002777504709044026	0.0002992768798442487
Gemmiger_SGB15292___SGB15292	34.666685103782356	2.5041529766370133e-263	9.791629412553322e-263
GGB4674_SGB6463___SGB6463	34.54820199310248	1.5167893988239084e-261	5.88490770628966e-261
GGB9635_SGB15104___SGB15104	45.76448911322325	0.0	0.0
Erysipelotrichaceae_bacterium___SGB6836_group	62.49409561334834	0.0	0.0
GGB6544_SGB9243___SGB9243	34.60172488443523	2.3799595688497807e-262	9.269803612523853e-262
Clostridia_bacterium___SGB14185	55.13667577942545	0.0	0.0
Clostridia_bacterium___SGB4122	29.75067831345978	1.699455765537852e-194	5.250479078096883e-194
GGB3640_SGB4937___SGB4937	21.859805351218043	6.271101799291279e-106	1.4202201133689073e-105
Erysipelotrichaceae_bacterium___SGB6823	67.85654926968795	0.0	0.0
GGB3528_SGB4713___SGB4713	45.768906154458044	0.0	0.0
Prevotella_sp_885___SGB1677	60.066187394145594	0.0	0.0
Ruminococcaceae_bacterium___SGB15353	49.98051407020783	0.0	0.0
GGB9631_SGB15086___SGB15086	30.701138300847134	5.495988925864021e-207	1.7861964009058066e-206
GGB3474_SGB4637___SGB4637	19.448605856380986	2.99462697660525e-84	6.068059926279059e-84
Clostridia_bacterium___SGB15038	49.59250114802185	0.0	0.0
Veillonella_tobetsuensis___SGB6935	11.358844613497208	6.702519202235894e-30	9.305439280774105e-30
Streptococcus_constellatus___SGB8026	8.52612528847477	1.5133135378637727e-17	1.8361537592747108e-17
Prevotellamassilia_timonensis___SGB1477_group	43.274297320944456	0.0	0.0
Mitsuokella_multacida___SGB5906_group	21.112909097348	6.052987658941425e-99	1.325829463151065e-98
Clostridia_unclassified_SGB71281___SGB71281	-11.32081668869455	1.035031476195834e-29	1.4330103840553664e-29
Ruminococcaceae_bacterium___SGB14925	20.470131798443152	3.975438764781025e-93	8.448862427910416e-93
Lachnospiraceae_unclassified_SGB5063___SGB5063	34.36700307550698	7.848761554287123e-259	3.0101955233108853e-258
Comamonas_kerstersii___SGB12676	28.919877957186735	6.715873789203296e-184	2.0248764045158133e-183
GGB3738_SGB5072___SGB5072	17.142463199260035	7.155415221986264e-66	1.3094279044256397e-65
Bacilli_unclassified_SGB6422___SGB6422	22.5813582767931	6.608634521090977e-113	1.5456175597224457e-112
Rikenellaceae_unclassified_SGB2230___SGB2230	51.61735483350056	0.0	0.0
GGB41458_SGB58520___SGB58520	-4.8373860302777585	1.3155777234944372e-06	1.4567403774534644e-06
Roseburia_sp_AM23_20___SGB4950	20.88119690528579	7.93783873330817e-97	1.7087691552777372e-96
GGB1630_SGB2238___SGB2238	59.73215335278067	0.0	0.0
GGB1246_SGB1667___SGB1667	57.10566000588661	0.0	0.0
Prevotella_sp_P4_51___SGB1666	60.56257354219165	0.0	0.0
GGB1380_SGB1883___SGB1883_group	62.46095502890552	0.0	0.0
Clostridia_bacterium___SGB6289	19.917375548267238	2.876789394067329e-88	5.962041787704754e-88
Mitsuokella_jalaludinii___SGB5904	13.208203155239966	7.868022894470824e-40	1.1861281502056168e-39
Lachnospiraceae_bacterium___SGB4704	12.669160161198327	8.764774015845404e-37	1.2864426378095673e-36
Bacteroidaceae_bacterium___SGB1404	31.373151408193383	4.7035060935865826e-216	1.5852557574680704e-215
GGB6128_SGB8774___SGB8774	41.22284760673269	0.0	0.0
Coriobacteriales_unclassified_SGB72475___SGB72475_group	61.876240735328786	0.0	0.0
Bacilli_bacterium___SGB6421	18.017482987644513	1.4206139129405926e-72	2.713806348957124e-72
GGB9676_SGB15177___SGB15177	47.89327213939497	0.0	0.0
GGB4669_SGB6458___SGB6458	26.193852069246773	3.122511495723702e-151	8.424889507329989e-151
Ligilactobacillus_salivarius___SGB7082	9.707661983723801	2.796786455630225e-22	3.561810740567246e-22
GGB9689_SGB15194___SGB15194	37.835495687093136	0.0	0.0
Clostridia_unclassified_SGB14196___SGB14196	21.990066910374303	3.584589598983887e-107	8.210924916665609e-107
Clostridium_sp_OM07_10AC___SGB4655	18.67083045030411	8.551274027375667e-78	1.6816945582324248e-77
Clostridia_bacterium___SGB13987	43.14785137086204	0.0	0.0
Clostridia_bacterium___SGB4110	36.61939646191012	1.405256546275002e-293	6.11592088183164e-293
Lachnospiraceae_bacterium___SGB4913	24.2792218304783	3.249997412912666e-130	8.032709655124885e-130
Actinomyces_naeslundii___SGB15888	18.25042211529671	2.0531671115418726e-74	3.967606715547132e-74
GGB9594_SGB15016___SGB15016	65.2304428806825	0.0	0.0
Victivallales_bacterium___SGB17348	42.02939647535018	0.0	0.0
GGB9687_SGB15191___SGB15191	52.688880849954785	0.0	0.0
Rikenellaceae_bacterium___SGB2212	35.710633003688024	2.703544565104476e-279	1.1001008575892603e-278
Rikenellaceae_bacterium___SGB2241	42.73420305687176	0.0	0.0
GGB1249_SGB1670___SGB1670	62.5439224279684	0.0	0.0
GGB9598_SGB72886___SGB72886	53.33079191900236	0.0	0.0
Clostridia_bacterium___SGB4146	33.53790786605333	1.3511364381429452e-246	5.065496534011566e-246
Senegalimassilia_faecalis___SGB14822	25.43432202910368	1.0526216856963673e-142	2.7439435088074572e-142
Clostridia_bacterium___SGB14942	32.62870671110417	1.6066558785023195e-233	5.827038168046456e-233
Blastocystis_sp_subtype_1___EUK944036	28.966200113185998	1.7544814023978861e-184	5.321926920606921e-184
GGB9591_SGB15013___SGB15013	50.02038330117298	0.0	0.0
Olsenella_sp_oral_taxon_807___SGB14348	15.252912056336735	1.5745143954953159e-52	2.5753086762921754e-52
Actinomyces_timonensis___SGB33750	19.802507268274514	2.8323933642375594e-87	5.809888847544666e-87
Candidatus_Nanoperiomorbus_periodonticus___SGB19800	16.77286713974111	3.854523614507715e-63	6.902286472490559e-63
Kytococcus_sedentarius___SGB17151	14.726437244933647	4.360984318188922e-49	7.029541549930936e-49
GGB3859_SGB5234___SGB5234_group	69.84956169657728	0.0	0.0
GGB4266_SGB5809___SGB5809_group	61.1064182810446	0.0	0.0
Ruminococcaceae_unclassified_SGB4193___SGB4193	37.36515055124564	1.4390320646523922e-305	6.402093763186865e-305
GGB9635_SGB15100___SGB15100	43.126239826877715	0.0	0.0
Prevotella_copri_clade_B___SGB1613	59.47509296526024	0.0	0.0
GGB6021_SGB8655___SGB8655	22.205010231624346	3.072243825261521e-109	7.085981726006412e-109
Candidatus_Gastranaerophilales_bacterium___SGB8651	42.20480300405122	0.0	0.0
GGB9634_SGB15099___SGB15099	43.06644427526208	0.0	0.0
Rikenellaceae_bacterium___SGB2215	41.842259592966926	0.0	0.0
Lachnospiraceae_bacterium___SGB4887	51.66082186497522	0.0	0.0
GGB9604_SGB15036___SGB15036	52.86637079886264	0.0	0.0
Clostridia_bacterium___SGB53819	50.914662947978485	0.0	0.0
GGB3636_SGB4929___SGB4929	81.51563817048948	0.0	0.0
GGB4888_SGB6837___SGB6837	56.17946233306732	0.0	0.0
Clostridia_bacterium___SGB13997	26.141728031719065	1.2238597116876706e-150	3.293235406987522e-150
Clostridia_unclassified_SGB20792___SGB20792	45.971299017945164	0.0	0.0
Weissella_confusa___SGB7115	44.53982377661518	0.0	0.0
GGB9636_SGB15109___SGB15109	60.44605038101113	0.0	0.0
Clostridia_bacterium___SGB14950	43.82175300593291	0.0	0.0
GGB2734_SGB3677___SGB3677	65.99906337233497	0.0	0.0
Weissella_cibaria___SGB7114	31.80520890073396	5.483954552297972e-222	1.8929098299483688e-221
Candidatus_Gastranaerophilales_bacterium___SGB8619	49.76245257946447	0.0	0.0
GGB3751_SGB5099___SGB5099	54.59201834454479	0.0	0.0
Clostridia_bacterium___SGB13994	38.194944923569935	0.0	0.0
GGB4713_SGB6526___SGB6526	27.421554657803085	1.51780346035264e-165	4.2558018594201473e-165
GGB9595_SGB15017___SGB15017	61.10387090949874	0.0	0.0
GGB9260_SGB14208___SGB14208	26.229516684438767	1.2244004575404911e-151	3.3124996162108966e-151
GGB3643_SGB4948___SGB4948	32.238332152964155	5.126708269072898e-228	1.8197996373553087e-227
Clostridia_unclassified_SGB4372___SGB4372	35.84246817601169	2.4095667481346584e-281	9.966844276375178e-281
Bacilli_unclassified_SGB6487___SGB6487	15.343397583706366	3.9212287988392813e-53	6.434672176455935e-53
Lactococcus_petauri___SGB7980_group	25.424735838687884	1.343706736307032e-142	3.493637514398283e-142
Cutibacterium_acnes___SGB16955	15.77058687509028	4.95868685933063e-56	8.314314147721877e-56
Oscillibacter_SGB15077___SGB15077	-7.448928651649394	9.410124160323255e-14	1.105579141371312e-13
Prevotella_copri_clade_C___SGB1644	55.534979400705026	0.0	0.0
Leuconostoc_lactis___SGB7121	19.438192678617995	3.6686363089602822e-84	7.418797869230793e-84
Elusimicrobiales_bacterium___SGB19694	56.979117209118336	0.0	0.0
Prevotella_SGB1680___SGB1680	53.35610144157318	0.0	0.0
Clostridium_ventriculi___SGB6190	45.56526905562452	0.0	0.0
Lachnospiraceae_bacterium___SGB4834	39.467521043457936	0.0	0.0
Streptococcus_equinus___SGB8022	43.513838010605106	0.0	0.0
Bacteroidaceae_bacterium___SGB1474	39.91980756662733	0.0	0.0
Prevotella_copri_clade_D___SGB1636_group	61.98102098669177	0.0	0.0
Prevotella_SGB1653___SGB1653	63.91134001326532	0.0	0.0
GGB1239_SGB1657___SGB1657	72.43340735706836	0.0	0.0
GGB4979_SGB6973___SGB6973	65.29607739700852	0.0	0.0
GGB1235_SGB1614___SGB1614	53.185335498738496	0.0	0.0
GGB4727_SGB6548___SGB6548	28.575779267051583	1.3439049975086946e-179	3.991836505953126e-179
Prevotella_hominis___SGB1617_group	63.00988740447247	0.0	0.0
Parabacteroides_massiliensis___SGB1945	33.14202657339375	7.378296931347505e-241	2.735435269732908e-240
Actinobaculum_sp_oral_taxon_183___SGB15892	13.128470682157499	2.2617814694634946e-39	3.3943676925531606e-39
GGB4251_SGB5752___SGB5752	78.69986896483312	0.0	0.0
Bacteroidaceae_bacterium___SGB1475	43.24214595458701	0.0	0.0
GGB1247_SGB1668___SGB1668	67.88506245277009	0.0	0.0
GGB1250_SGB1672___SGB1672_group	57.84632909025857	0.0	0.0
GGB1243_SGB1663___SGB1663	66.06318802247115	0.0	0.0
Prevotella_pectinovora___SGB1662	46.25229241855842	0.0	0.0
Prevotella_SGB1675___SGB1675	57.41670948303923	0.0	0.0
GGB6578_SGB9299___SGB9299	45.7077265940676	0.0	0.0
Candidatus_Gastranaerophilales_bacterium___SGB8617	57.62543073733964	0.0	0.0
Clostridia_bacterium___SGB4329	51.95763863776961	0.0	0.0
Lachnospiraceae_bacterium___SGB5057	28.383147037652712	3.2648675474463196e-177	9.640508598801668e-177
Clostridia_bacterium___SGB14004	39.62861563721284	0.0	0.0
Corynebacterium_durum___SGB17008	11.783210866270295	4.7642957378585816e-32	6.77423300226767e-32
Candidatus_Gastranaerophilales_bacterium___SGB8642	48.61764428840658	0.0	0.0
Kluyvera_georgiana___SGB10108	28.895206580074788	1.3715330898302804e-183	4.122836705465798e-183
Lachnospiraceae_unclassified_SGB71704___SGB71704	37.31432778481694	9.612253567212487e-305	4.25746275255739e-304
Enterococcus_hirae___SGB7970	35.38953492294993	2.47371254405233e-274	9.90474502638553e-274
Actinomyces_massiliensis___SGB15873	16.13199901687232	1.5201921342536201e-58	2.6012176519450836e-58
Eggerthellaceae_bacterium___SGB14786	48.22680667306104	0.0	0.0
GGB13580_SGB20916___SGB20916	47.85856287522876	0.0	0.0
Lentisphaeria_bacterium___SGB9210	47.95843213937007	0.0	0.0
Candidatus_Gastranaerophilales_bacterium___SGB8629	41.171365833681676	0.0	0.0
Lachnospiraceae_bacterium___SGB5108	53.17200927402317	0.0	0.0
GGB4482_SGB6176___SGB6176	17.310181275296074	3.9417202092859666e-67	7.29327528557348e-67
GGB3862_SGB5239___SGB5239	64.32553125443437	0.0	0.0
Olsenella_uli___SGB14386	12.659716519802373	9.885566957023284e-37	1.446703585377238e-36
Propionibacterium_acidifaciens___SGB15903	17.666039506500358	7.658883115932458e-70	1.443793220159772e-69
Actinomyces_johnsonii___SGB15887	20.385802587679386	2.2352050307824556e-92	4.7005046970866345e-92
Romboutsia_ilealis___SGB24891	19.796797061860232	3.172338817615369e-87	6.493887845466226e-87
Actinomyces_dentalis___SGB15877	17.42605570639025	5.2333588184002734e-68	9.75529269500684e-68
Peptidiphaga_gingivicola___SGB15894	21.754414975696	6.274157668630338e-105	1.417704701196155e-104
Lentisphaeria_bacterium___SGB9192	54.54959698603735	0.0	0.0
Actinomyces_gerencseriae___SGB15874	21.035133140200475	3.1289366703335724e-98	6.823672346413739e-98
Eubacterium_nodatum___SGB6627	9.707848014224721	2.79168777078824e-22	3.55984644402424e-22
Kiritimatiellae_bacterium___SGB17364	57.98169431117595	0.0	0.0
Pauljensenia_hongkongensis___SGB17148	21.199636009629568	9.623785017492926e-100	2.126580309604949e-99
Clostridia_bacterium___SGB14832	44.215315731924605	0.0	0.0
GGB9284_SGB14237___SGB14237	41.49646391651851	0.0	0.0
Schaalia_cardiffensis___SGB17147	18.103893443627303	2.9691815347159724e-73	5.693775318487909e-73
Clostridia_bacterium___SGB4333	49.598956497063426	0.0	0.0
Pseudopropionibacterium_propionicum___SGB15897	24.190770220211547	2.7824475613834808e-129	6.860172435824789e-129
Olsenella_profusa___SGB14387	24.383427994050894	2.563816099616768e-131	6.3999499145047e-131
Actinomyces_sp_oral_taxon_897___SGB15876	26.699223461802266	4.8055384579514443e-157	1.3107204349889362e-156
Streptococcus_sinensis___SGB8030	17.482913152918364	1.9336307397052896e-68	3.6178773279345697e-68
Actinomyces_israelii___SGB15875	19.43017424212516	4.289036943035523e-84	8.655899153182578e-84
Treponema_succinifaciens___SGB3546_group	76.01231548507523	0.0	0.0
GGB2726_SGB3668___SGB3668	62.532840972190634	0.0	0.0
Candidatus_Gastranaerophilales_bacterium___SGB8644	49.44646928748052	0.0	0.0
Prevotella_SGB1612___SGB1612	50.11591640902948	0.0	0.0
Blautia_SGB71764___SGB71764	44.837711922578436	0.0	0.0
Elusimicrobiales_bacterium___SGB19692	53.83978656146186	0.0	0.0
Lachnospiraceae_bacterium___SGB5112	51.441377698696336	0.0	0.0
Clostridia_bacterium___SGB53511	36.657822112295925	3.434582464796226e-294	1.5079022137109747e-293
GGB1669_SGB2285___SGB2285	41.13507682086265	0.0	0.0
Lachnospiraceae_unclassified_SGB4904___SGB4904	54.54996239126746	0.0	0.0
Prevotella_sp_Marseille_P4119___SGB1676	70.53291286039247	0.0	0.0
Alphaproteobacteria_bacterium___SGB9311	46.20258916383879	0.0	0.0
Candidatus_Gastranaerophilales_bacterium___SGB8653	47.94217136577173	0.0	0.0
Clostridia_bacterium___SGB4153	45.61073058974139	0.0	0.0
Bacilli_bacterium___SGB6512	30.320580701924527	6.13910441444227e-202	1.944697316093896e-201
Clostridia_bacterium___SGB14189	50.332098616544855	0.0	0.0
GGB52382_SGB73196___SGB73196	38.29105136607809	0.0	0.0
GGB1123_SGB1437___SGB1437	57.24356774519288	0.0	0.0
Clostridia_bacterium___SGB4154	35.9041595786064	2.6306736736223962e-282	1.0926574055170201e-281
GGB9742_SGB15348___SGB15348	32.09387693852428	5.367366703484754e-226	1.8918077711930418e-225
Schaalia_turicensis___SGB17195	11.331850232410124	9.125637983302962e-30	1.2652027176296766e-29
Lentisphaeria_bacterium___SGB9209	49.663393762259865	0.0	0.0
Clostridia_bacterium___SGB14227	37.56414509465293	8.279202071300566e-309	3.73309967269003e-308
Ruminococcaceae_bacterium___SGB14905	68.60400410868424	0.0	0.0
Clostridia_bacterium___SGB14256	41.20296629046676	0.0	0.0
GGB1250_SGB1673___SGB1673	46.07758860865633	0.0	0.0
GGB1270_SGB1705___SGB1705	29.131083259699043	1.4507045179361125e-186	4.413845660954556e-186
Bacteroidaceae_bacterium___SGB1473	49.65258890521644	0.0	0.0
Alphaproteobacteria_bacterium___SGB9323	68.07589087249028	0.0	0.0
Candidatus_Gastranaerophilales_bacterium___SGB8590	25.157608601229985	1.1666858298174485e-139	2.994493629864784e-139
Ruminococcaceae_bacterium___SGB14908	47.23628412260442	0.0	0.0
Coprococcus_SGB5116___SGB5116	45.378250864340814	0.0	0.0
Lachnospiraceae_bacterium___SGB4570	29.897409974561853	2.1264156935558985e-196	6.651694091404545e-196
Leuconostoc_SGB48612___SGB48612	36.45046494651361	6.763684903569914e-291	2.9182968053765016e-290
Bacilli_bacterium___SGB6407	39.58215504695182	0.0	0.0
Ruminococcaceae_unclassified_SGB69291___SGB69291	62.18579505279218	0.0	0.0
Roseburia_SGB4939___SGB4939	21.600531583552538	1.7756047649360428e-103	3.976242437809796e-103
GGB1244_SGB1664___SGB1664	49.59592718391675	0.0	0.0
Selenomonadales_bacterium___SGB6970	42.253844844559225	0.0	0.0
Lachnospiraceae_unclassified_SGB26919___SGB26919	42.27743756170537	0.0	0.0
Ruminococcaceae_unclassified_SGB15251___SGB15251	43.301288348296154	0.0	0.0
Alphaproteobacteria_bacterium___SGB9324	54.62459583032661	0.0	0.0
Clostridia_bacterium___SGB13978	37.76118124534701	0.0	0.0
Clostridia_bacterium___SGB4145	24.57056542048477	2.6077418683825353e-133	6.558667362439492e-133
Clostridia_bacterium___SGB14232	35.79825048062261	1.175846267373941e-280	4.8238611214808e-280
Bifidobacterium_animalis___SGB17278	-7.505422515754551	6.123078079104284e-14	7.202351536055685e-14
Clostridia_unclassified_SGB13966___SGB13966	32.534130186451094	3.511012616110453e-232	1.2596858884324601e-231
Lachnospiraceae_bacterium___SGB4881	36.60515915239952	2.3675803905778714e-293	1.0259515025837441e-292
Spirochaetia_bacterium___SGB3548	36.39502420646694	5.102887350710163e-290	2.1829018111371257e-289
Clostridia_bacterium___SGB14001	41.207722738239276	0.0	0.0
Parolsenella_massiliensis___SGB14380	61.12140262975636	0.0	0.0
Ruminococcaceae_bacterium___SGB4241	35.617475791394455	7.515371780034767e-278	3.033422238635001e-277
Candidatus_Gastranaerophilales_bacterium___SGB8609	35.17252189311335	5.26219809018455e-271	2.0985897562847546e-270
GGB2734_SGB3679___SGB3679	22.240980826715987	1.3790869878483506e-109	3.188143359898843e-109
GGB9278_SGB14230___SGB14230	25.62137930036028	8.81596072908635e-145	2.3223096552145885e-144
GGB1237_SGB1623___SGB1623	43.95710446305095	0.0	0.0
Lachnospiraceae_bacterium___SGB4907	24.28527272392307	2.8052048247092433e-130	6.950519875084041e-130
Clostridia_unclassified_SGB13999___SGB13999	45.514310563006276	0.0	0.0
Rikenellaceae_bacterium___SGB2229	52.300813762203965	0.0	0.0
GGB9686_SGB15190___SGB15190	50.887295890324566	0.0	0.0
GGB18559_SGB27424___SGB27424	59.29424499674795	0.0	0.0
GGB1267_SGB1701___SGB1701	44.25804613761157	0.0	0.0
Bacilli_bacterium___SGB1016	31.084010944263618	3.961625020767199e-212	1.3087744705570844e-211
GGB6567_SGB9278___SGB9278	38.383452737526596	0.0	0.0
Spirochaetia_bacterium___SGB3539	62.79727741470576	0.0	0.0
GGB12964_SGB20123___SGB20123	5.771014175483668	7.879584514533451e-09	8.882279390819802e-09
GGB2734_SGB20279___SGB20279	11.148243712846142	7.303364062588438e-29	1.0055938688653406e-28
GGB12959_SGB20113___SGB20113	6.4780863090606955	9.289321601984062e-11	1.0675787512727953e-10
GGB12964_SGB20122___SGB20122	6.1582916683987765	7.353383491720723e-10	8.364473721832323e-10
GGB12964_SGB20121___SGB20121	3.517166708239527	0.0004361797426158898	0.0004694794864069954
