Country	Country code	HDI 2019
Argentina	ARG	0.845
Austria	AUT	0.922
Bangladesh	BGD	0.632
Canada	CAN	0.929
China	CHN	0.761
Cameroon	CMR	0.563
Colombia	COL	0.767
Germany	DEU	0.947
Denmark	DNK	0.940
Spain	ESP	0.904
Estonia	EST	0.892
Ethiopia	ETH	0.485
Finland	FIN	0.938
Fiji	FJI	0.743
France	FRA	0.901
United Kingdom	GBR	0.932
Ghana	GHA	0.611
Guinea-Bissau	GNB	0.480
Indonesia	IDN	0.718
India	IND	0.645
Ireland	IRL	0.955
Iceland	ISL	0.949
Israel	ISR	0.919
Italy	ITA	0.892
Japan	JPN	0.919
Kazakhstan	KAZ	0.825
South Korea	KOR	0.916
Luxembourg	LUX	0.916
Madagascar	MDG	0.528
Mongolia	MNG	0.737
Netherlands	NLD	0.944
Peru	PER	0.777
Russia	RUS	0.824
Slovenia	SLV	0.917
Sweden	SWE	0.945
Tanzania	TZA	0.529
United States of America	USA	0.926
NAN	NAN	0.5
